153633,"Ordre du jour de mercredi - Demande du groupe PPE - Wednesday’s Agenda - Request from the PPE Group - Tagesordnung für Mittwoch - Antrag der PPE-Fraktion","2023-03-13 17:19:23",NULL,0
153634,"Ordre du jour de mercredi - Demande du groupe Renew - Wednesday’s Agenda - Request from the Renew Group - Tagesordnung für Mittwoch - Antrag der Renew-Fraktion ","2023-03-13 17:22:13",NULL,0
153635,"Ordre du jour de mercredi - Demande du groupe ID - Wednesday’s Agenda - Request from the ID Group - Tagesordnung für Mittwoch - Antrag der ID-Fraktion","2023-03-13 17:25:26",NULL,0
153636,"Ordre du jour de mercredi - Demande du groupe The Left - Wednesday’s Agenda - Request from The Left group - Tagesordnung für Mittwoch - Antrag der Fraktion The Left","2023-03-13 17:29:23",NULL,0
153637,"Ordre du jour de mercredi - Demande du groupe Verts/ALE - Wednesday’s Agenda - Request from the Verts/ALE group - Tagesordnung für Mittwoch - Antrag der Verts/ALE -Fraktion","2023-03-13 17:29:57",NULL,0
153638,"Ordre du jour de mercredi - Demande du groupe ECR - Changement de titre - Wednesday’s Agenda - Request from the ECR group - Change of title - Tagesordnung für Mittwoch - Antrag der ECR-Fraktion - Änderung des Titels","2023-03-13 17:32:02",NULL,0
153639,"Ordre du jour de mercredi - Demande du groupe ECR - Ajout déclaration de la Commission
- Wednesday’s Agenda - Request from the ECR group - Adding Commission statement - Tagesordnung für Mittwoch - Antrag der ECR-Fraktion - Hinzufügung einer Erklärung der Kommission
","2023-03-13 17:34:04",NULL,0
153309,"Mobilisation du Fonds européen d’ajustement à la mondialisation — EGF/2022/002 BE/TNT — Belgique - Mobilisation of the European Globalisation Adjustment Fund – application EGF/2022/002 BE/TNT - Belgium - Inanspruchnahme des Europäischen Fonds für die Anpassung an die Globalisierung – Antrag EGF/2022/002 BE/TNT – Belgien - A9-0043/2023 - Olivier Chastel - Proposition de décision","2023-03-14 12:14:18","A-9-2023-0043",1
153640,"Objection au titre de l’article 112, paragraphes 2 et 3, du règlement: colza génétiquement modifié MON 94100 (MON-941ØØ-2) - Objection pursuant to Rule 112(2) and (3): Genetically modified oilseed rape MON 94100 (MON-941ØØ-2) - Einwand gemäß Artikel 112 Absätze 2 und 3 GO: genetisch veränderter Raps MON 94100 (MON-941ØØ-2) - B9-0162/2023 - Proposition de résolution ","2023-03-14 12:14:40","B-9-2023-0162",1
153308,"Navires rouliers à passagers: prescriptions de stabilité - Ro-ro passenger ships: stability requirements - Ro-Ro-Fahrgastschiffe: Stabilitätsanforderungen - A9-0255/2022 - Roberts Zīle - Accord provisoire - Am 7","2023-03-14 12:15:00","A-9-2022-0255",1
153491,"Réductions annuelles contraignantes des émissions de gaz à effet de serre par les États membres (règlement sur la répartition de l'effort) - Binding annual greenhouse gas emission reductions by Member States (Effort Sharing Regulation) - Verbindliche nationale Jahresziele für die Reduzierung der Treibhausgasemissionen (Lastenteilungsverordnung) - A9-0163/2022 - Jessica Polfjärd - Rejet - Am 87","2023-03-14 12:15:28","A-9-2022-0163",1
153304,"A9-0163/2022 - Jessica Polfjärd - Accord provisoire - Am 85","2023-03-14 12:15:42","A-9-2022-0163",1
153489,"Utilisation des terres, changement d'affectation des terres et foresterie (UTCATF) - Land use, land use change and forestry (LULUCF) - Landnutzung, Landnutzungsänderung und Forstwirtschaft (LULUCF) - A9-0161/2022 - Ville Niinistö - Rejet - Am 114","2023-03-14 12:16:12","A-9-2022-0161",1
153316,"A9-0161/2022 - Ville Niinistö - Accord provisoire - Am 112","2023-03-14 12:17:10","A-9-2022-0161",1
153627,"Révision de la réserve de stabilité du marché pour le système d'échange de quotas d'émission de l'UE - Revision of the Market Stability Reserve for the EU Emissions Trading System - Überarbeitung der Marktstabilitätsreserve für das Emissionshandelssystem der EU - A9-0045/2022 - Cyrus Engerer - Rejet - Am 31","2023-03-14 12:17:40","A-9-2022-0045",1
153629,"A9-0045/2022 - Cyrus Engerer - Accord provisoire - Am 30","2023-03-14 12:17:55","A-9-2022-0045",1
153512,"Performance énergétique des bâtiments (refonte) - Energy performance of buildings (recast) - Gesamtenergieeffizienz von Gebäuden (Neufassung) - A9-0033/2023 - Ciarán Cuffe - Rejet - Am 10","2023-03-14 12:19:00","A-9-2023-0033",1
153513,"A9-0033/2023 - Ciarán Cuffe - Article 2, § 1, point 2 - Am 28","2023-03-14 12:19:50","A-9-2023-0033",1
153519,"A9-0033/2023 - Ciarán Cuffe - Article 2, § 3 bis - Am 1PC7","2023-03-14 12:21:03","A-9-2023-0033",1
153520,"A9-0033/2023 - Ciarán Cuffe - Article 3, § 1, partie introductive - Am 12","2023-03-14 12:21:16","A-9-2023-0033",1
153522,"A9-0033/2023 - Ciarán Cuffe - Article 5, § 3, après le point d - Am 13","2023-03-14 12:21:54","A-9-2023-0033",1
153523,"A9-0033/2023 - Ciarán Cuffe - Article 7, § 1 - Am 14","2023-03-14 12:22:06","A-9-2023-0033",1
153529,"A9-0033/2023 - Ciarán Cuffe - Article 7, § 4 bis - Am 1PC12","2023-03-14 12:22:37","A-9-2023-0033",1
153533,"A9-0033/2023 - Ciarán Cuffe - Article 8, § 3 ter - Am 1PC14/1","2023-03-14 12:23:19","A-9-2023-0033",1
153534,"A9-0033/2023 - Ciarán Cuffe - Article 8, § 3 ter - Am 1PC14/2","2023-03-14 12:23:31","A-9-2023-0033",1
153535,"A9-0033/2023 - Ciarán Cuffe - Article 9, § 1, point a - Am 18","2023-03-14 12:23:41","A-9-2023-0033",1
153537,"A9-0033/2023 - Ciarán Cuffe - Article 9, § 1, point b - Am 19","2023-03-14 12:23:56","A-9-2023-0033",1
153539,"A9-0033/2023 - Ciarán Cuffe - Article 9, § 1, point c, partie introductive - Am 31","2023-03-14 12:24:15","A-9-2023-0033",1
153540,"A9-0033/2023 - Ciarán Cuffe - Article 9, § 1, point c, sous-point i - Am 32S","2023-03-14 12:24:29","A-9-2023-0033",1
153541,"A9-0033/2023 - Ciarán Cuffe - Article 9, § 1, point c, sous-point i - Am 20PC1=
1PC17=","2023-03-14 12:24:44","A-9-2023-0033",1
153542,"A9-0033/2023 - Ciarán Cuffe - Article 9, § 1, point c, sous-point ii - Am 20PC2","2023-03-14 12:24:56","A-9-2023-0033",1
153546,"A9-0033/2023 - Ciarán Cuffe - Article 9, après le § 1 - Am 21/1","2023-03-14 12:25:21","A-9-2023-0033",1
153549,"A9-0033/2023 - Ciarán Cuffe - Article 9, après le § 1 - Am 34","2023-03-14 12:25:46","A-9-2023-0033",1
153551,"A9-0033/2023 - Ciarán Cuffe - Article 9, après le § 1 - Am 1PC21=
37=","2023-03-14 12:26:04","A-9-2023-0033",1
153558,"A9-0033/2023 - Ciarán Cuffe - Article 9, § 5, point a - Am 29","2023-03-14 12:26:49","A-9-2023-0033",1
153560,"A9-0033/2023 - Ciarán Cuffe - Article 9, § 6, alinéas 1 et 1 bis - Am 22PC1","2023-03-14 12:27:09","A-9-2023-0033",1
153562,"A9-0033/2023 - Ciarán Cuffe - Article 9, § 6, alinéa 1 ter - Am 55","2023-03-14 12:27:35","A-9-2023-0033",1
153563,"A9-0033/2023 - Ciarán Cuffe - Article 9, § 6, alinéa 1 ter - Am 1PC30=
22PC2=","2023-03-14 12:28:01","A-9-2023-0033",1
153564,"A9-0033/2023 - Ciarán Cuffe - Article 9, après le § 6 - Am 54","2023-03-14 12:28:13","A-9-2023-0033",1
153576,"A9-0033/2023 - Ciarán Cuffe - Article 12, § 5 - Am 59/1","2023-03-14 12:29:36","A-9-2023-0033",1
153577,"A9-0033/2023 - Ciarán Cuffe - Article 12, § 5 - Am 59/2","2023-03-14 12:29:49","A-9-2023-0033",1
153578,"A9-0033/2023 - Ciarán Cuffe - Article 12, § 5 - Am 59/3","2023-03-14 12:30:00","A-9-2023-0033",1
153579,"A9-0033/2023 - Ciarán Cuffe - Article 12, § 5 - Am 59/4","2023-03-14 12:30:11","A-9-2023-0033",1
153580,"A9-0033/2023 - Ciarán Cuffe - Article 12, § 5 - Am 59/5","2023-03-14 12:30:24","A-9-2023-0033",1
153585,"A9-0033/2023 - Ciarán Cuffe - Article 12, § 8, partie introductive - Am 65/2","2023-03-14 12:31:58","A-9-2023-0033",1
153588,"A9-0033/2023 - Ciarán Cuffe - Article 16, § 2 - Am 24","2023-03-14 12:32:23","A-9-2023-0033",1
153593,"A9-0033/2023 - Ciarán Cuffe - Article 16, § 10 - Am 25","2023-03-14 12:32:45","A-9-2023-0033",1
153611,"A9-0033/2023 - Ciarán Cuffe - Considérant 40 - Am 1PC47/2","2023-03-14 12:34:53","A-9-2023-0033",1
153485,"A9-0033/2023 - Ciarán Cuffe - Proposition de la Commission","2023-03-14 12:35:43","A-9-2023-0033",1
153499,"Règlement sur les données - Data Act - Datengesetz - A9-0031/2023 - Pilar del Castillo Vera - Article 2, § 1, après le point 1 - Am 21","2023-03-14 12:37:42","A-9-2023-0031",1
153500,"A9-0031/2023 - Pilar del Castillo Vera - Article 5, § 1 - Am 22","2023-03-14 12:37:55","A-9-2023-0031",1
153501,"A9-0031/2023 - Pilar del Castillo Vera - Article 6, après le § 2 - Am 23","2023-03-14 12:38:06","A-9-2023-0031",1
153502,"A9-0031/2023 - Pilar del Castillo Vera - Article 7, § 1 - Am 24","2023-03-14 12:38:18","A-9-2023-0031",1
153503,"A9-0031/2023 - Pilar del Castillo Vera - Chapitre V, articles 14-22 - Am 12S-20S","2023-03-14 12:38:35","A-9-2023-0031",1
153505,"A9-0031/2023 - Pilar del Castillo Vera - Chapitre V, articles 14-22 - Am 25","2023-03-14 12:38:55","A-9-2023-0031",1
153506,"A9-0031/2023 - Pilar del Castillo Vera - Article 42, § 2 - Am 26","2023-03-14 12:39:06","A-9-2023-0031",1
153509,"A9-0031/2023 - Pilar del Castillo Vera - Considérants 56-58, 61-62, 64-68 - Am 2S-11S","2023-03-14 12:39:27","A-9-2023-0031",1
153374,"A9-0031/2023 - Pilar del Castillo Vera - Proposition de la Commission","2023-03-14 12:39:48","A-9-2023-0031",1
153492,"Activités du Médiateur européen - rapport annuel 2021 - Activities of the European Ombudsman - annual report 2021 - Tätigkeit des Europäischen Bürgerbeauftragten – Jahresbericht 2021 - A9-0054/2023 - Anne-Sophie Pelletier - § 13","2023-03-14 12:41:04","A-9-2023-0054",1
153493,"A9-0054/2023 - Anne-Sophie Pelletier - § 14","2023-03-14 12:41:19","A-9-2023-0054",1
153494,"A9-0054/2023 - Anne-Sophie Pelletier - Après le § 14 - Am 1","2023-03-14 12:41:32","A-9-2023-0054",1
153495,"A9-0054/2023 - Anne-Sophie Pelletier - Après le considérant H - Am 2","2023-03-14 12:41:44","A-9-2023-0054",1
153496,"A9-0054/2023 - Anne-Sophie Pelletier - Après le considérant H - Am 3","2023-03-14 12:41:56","A-9-2023-0054",1
153359,"A9-0054/2023 - Anne-Sophie Pelletier - Proposition de résolution (ensemble du texte)","2023-03-14 12:42:08","A-9-2023-0054",1
153310,"Cohérence des politiques au service du développement - Policy Coherence for Development - Politikkohärenz im Interesse der Entwicklung - A9-0019/2023 - Janina Ochojska - Proposition de résolution","2023-03-14 12:43:43","A-9-2023-0019",1
152653,"Droits de l’Union pour mettre en œuvre et faire appliquer l’accord sur le retrait du Royaume-Uni et l'accord de commerce et de coopération UE/Royaume-Uni - Union's rights in enforcing and implementing the UK Withdrawal Agreement and the EU-UK Trade and Cooperation Agreement - Rechte der Union bei der Durchführung und Durchsetzung des Abkommens über den Austritt des Vereinigten Königreichs und des Abkommens über Handel und Zusammenarbeit EU-Vereinigtes Königreich - A9-0248/2022 - Seán Kelly, Andreas Schieder, Danuta Maria Hübner - Accord provisoire - Am 20","2023-02-14 12:18:10","A-9-2022-0248",2
152547,"Programme de l’Union pour une connectivité sécurisée 2023-2027 - Union Secure Connectivity Programme 2023-2027 - Programm der Union für sichere Konnektivität 2023-2027 - A9-0249/2022 - Christophe Grudler - Accord provisoire - Am 2","2023-02-14 12:18:33","A-9-2022-0249",2
152565,"Accord de partenariat volontaire UE/Guyana: application des réglementations forestières, gouvernance et échanges commerciaux de produits du bois vers l’UE - EU/Guyana Voluntary Partnership Agreement: forest law enforcement, governance and trade in timber products to the EU - Freiwilliges Partnerschaftsabkommen EU-Guyana über Rechtsdurchsetzung, Politikgestaltung und Handel im Forstsektor sowie über die Einfuhr von Holzerzeugnissen in die EU - A9-0008/2023 - Karin Karlsbro - Projet de décision du Conseil","2023-02-14 12:19:09","A-9-2023-0008",2
152508,"Accord de partenariat volontaire UE/Guyana: application des réglementations forestières, gouvernance et échanges commerciaux de produits du bois vers l’UE (résolution) - EU/Guyana Voluntary Partnership Agreement: forest law enforcement, governance and trade in timber products to the EU (Resolution) - Freiwilliges Partnerschaftsabkommen EU-Guyana über Rechtsdurchsetzung, Politikgestaltung und Handel im Forstsektor sowie über die Einfuhr von Holzerzeugnissen in die EU (Entschließung) - A9-0018/2023 - Karin Karlsbro - Proposition de résolution","2023-02-14 12:19:28","A-9-2023-0018",2
152641,"Chapitres REPowerEU des plans pour la reprise et la résilience - REPowerEU chapters in recovery and resilience plans - REPowerEU-Kapitel in den Aufbau- und Resilienzplänen - A9-0260/2022 - Eider Gardiazabal Rubial, Siegfried Mureşan, Dragoş Pîslaru - Demande du groupe ID - Request from the ID group - Antrag der ID-Fraktion ","2023-02-14 12:19:54","A-9-2022-0260",2
152554,"A9-0260/2022 - Eider Gardiazabal Rubial, Siegfried Mureşan, Dragoş Pîslaru - Accord provisoire - Am 13","2023-02-14 12:20:08","A-9-2022-0260",2
152649,"Droits électoraux des citoyens de l'Union aux élections au Parlement européen en cas de mobilité - Electoral rights of mobile Union citizens in European Parliament elections - Wahlrecht mobiler Unionsbürger bei den Wahlen zum Europäischen Parlament - A9-0297/2022 - Damian Boeselager - Amendements de la commission compétente - vote séparé - Am 49/2","2023-02-14 12:21:04","A-9-2022-0297",2
152650,"A9-0297/2022 - Damian Boeselager - Amendements de la commission compétente - vote séparé - Am 51","2023-02-14 12:21:15","A-9-2022-0297",2
152651,"A9-0297/2022 - Damian Boeselager - Amendements de la commission compétente - vote séparé - Am 52","2023-02-14 12:21:26","A-9-2022-0297",2
152552,"A9-0297/2022 - Damian Boeselager - Proposition de la Commission","2023-02-14 12:21:37","A-9-2022-0297",2
152507,"Droits électoraux des citoyens de l'Union aux élections municipales en cas de mobilité - Electoral rights of mobile Union citizens in municipal elections   - Wahlrecht mobiler Unionsbürger bei Kommunalwahlen - A9-0005/2023 - Joachim Stanisław Brudziński - Proposition de la Commission","2023-02-14 12:22:02","A-9-2023-0005",2
152642,"Normes d'émissions de CO2 pour les voitures et les camionnettes - CO2 emission standards for cars and vans - CO2-Emissionsnormen für Personenkraftwagen und leichte Nutzfahrzeuge - A9-0150/2022 - Jan Huitema - Rejet - Am 132","2023-02-14 12:22:34","A-9-2022-0150",2
152544,"A9-0150/2022 - Jan Huitema - Accord provisoire - Am 131","2023-02-14 12:22:51","A-9-2022-0150",2
152246,"Conséquences humanitaires du blocus dans le Haut-Karabakh - RC-B9-0075/2023 - Après le considérant E - Am 3","2023-01-19 12:03:32","RC-9-2023-0075",3
152225,"L'assaut contre les institutions démocratiques brésiliennes - RC-B9-0058/2023 - § 4 - Am 5","2023-01-19 12:04:22","RC-9-2023-0058",3
152226,"RC-B9-0058/2023 - Après le § 6 - Am 6","2023-01-19 12:04:37","RC-9-2023-0058",3
152227,"RC-B9-0058/2023 - Considérant B - Am 3","2023-01-19 12:05:04","RC-9-2023-0058",3
152228,"B9-0058/2023 - Considérant C - Am 4","2023-01-19 12:05:18","B-9-2023-0058",3
152229,"RC-B9-0058/2023 - Proposition de résolution (ensemble du texte)","2023-01-19 12:05:35","RC-9-2023-0058",3
152230,"La situation des journalistes au Maroc, en particulier le cas d'Omar Radi - RC-B9-0057/2023 - § 3 - Am 1= 5=","2023-01-19 12:06:02","RC-9-2023-0057",3
152233,"RC-B9-0057/2023 - Après le § 3 - Am 3/1","2023-01-19 12:06:24","RC-9-2023-0057",3
152234,"RC-B9-0057/2023 - Après le § 3 - Am 3/2","2023-01-19 12:06:38","RC-9-2023-0057",3
152265,"RC-B9-0057/2023 - Proposition de résolution (ensemble du texte)","2023-01-19 12:07:18","RC-9-2023-0057",3
152239,"La mise en place d'un tribunal sur le crime d'agression contre l'Ukraine - RC-B9-0063/2023 - § 3/1","2023-01-19 12:07:53","RC-9-2023-0063",3
152240,"RC-B9-0063/2023 - § 3/2","2023-01-19 12:08:05","RC-9-2023-0063",3
152245,"RC-B9-0063/2023 - Proposition de résolution (ensemble du texte)","2023-01-19 12:09:45","RC-9-2023-0063",3
152221,"Réaction de l'Union européenne face aux manifestations et aux exécutions en Iran - RC-B9-0066/2023 - Après le § 5 - Am 1","2023-01-19 12:10:05","RC-9-2023-0066",3
152222,"RC-B9-0066/2023 - Après le § 5 - Am 2","2023-01-19 12:10:16","RC-9-2023-0066",3
152223,"RC-B9-0066/2023 - § 19 - Am 3","2023-01-19 12:10:29","RC-9-2023-0066",3
152224,"RC-B9-0066/2023 - Après le considérant T - Am 4","2023-01-19 12:10:41","RC-9-2023-0066",3
151714,"Contrôle des activités financières de la Banque européenne d'investissement – rapport annuel 2021 - A9-0294/2022 - Angelika Winzig - Proposition de résolution (ensemble du texte)","2023-01-19 12:14:00","A-9-2022-0294",3
152034,"A9-0299/2022 - Sabrina Pignedoli - § 24","2023-01-19 12:15:38","A-9-2022-0299",3
152039,"A9-0299/2022 - Sabrina Pignedoli - § 27","2023-01-19 12:16:21","A-9-2022-0299",3
152041,"A9-0299/2022 - Sabrina Pignedoli - § 94","2023-01-19 12:17:24","A-9-2022-0299",3
152042,"A9-0299/2022 - Sabrina Pignedoli - § 95","2023-01-19 12:17:40","A-9-2022-0299",3
152043,"A9-0299/2022 - Sabrina Pignedoli - § 96","2023-01-19 12:17:55","A-9-2022-0299",3
151811,"A9-0299/2022 - Sabrina Pignedoli - Proposition de résolution (ensemble du texte)","2023-01-19 12:18:56","A-9-2022-0299",3
152049,"Situation de la pêche artisanale dans l’Union européenne et perspectives d’avenir - A9-0291/2022 - João Pimenta Lopes - § 3 - Am 1","2023-01-19 12:19:24","A-9-2022-0291",3
152050,"A9-0291/2022 - João Pimenta Lopes - § 18 - Am 3","2023-01-19 12:19:45","A-9-2022-0291",3
151570,"A9-0291/2022 - João Pimenta Lopes - Proposition de résolution (ensemble du texte)","2023-01-19 12:20:21","A-9-2022-0291",3
153648,"Accord UE-États-Unis: modification des concessions pour l’ensemble des contingents tarifaires de la liste CLXXV de l’Union européenne - EU/United States Agreement: modification of concessions on all the tariff rate quotas included in the EU Schedule CLXXV - Abkommen zwischen der EU und den Vereinigten Staaten über die Änderung der Zugeständnisse für alle in der EU-Liste CLXXV aufgeführten Zollkontingente - A9-0042/2023 - Bernd Lange - Projet de décision du Conseil","2023-03-15 12:37:09","A-9-2023-0042",4
153312,"Échange d'informations entre services répressifs  - Law enforcement information exchange - Informationsaustausch im Bereich der Strafverfolgung - A9-0247/2022 - Lena Düpont - Accord provisoire - Am 138","2023-03-15 12:37:37","A-9-2022-0247",4
153762,"Les nouvelles répressions à l’encontre du peuple biélorusse, en particulier les cas d’Andrzej Poczobut et d’Ales Bialiatski - The further repressions against the people of Belarus, in particular the cases of Andrzej Poczobut and Ales Bialiatski - Die fortgesetzten Repressionen gegen die Bevölkerung von Belarus, insbesondere die Fälle von Andrzej Poczobut und Ales Bjaljazki - RC-B9-0164/2023 - Après le § 26 - Am 2","2023-03-15 12:39:24","RC-9-2023-0164",4
153763,"RC-B9-0164/2023 - Après le considérant W - Am 1","2023-03-15 12:39:38","RC-9-2023-0164",4
153764,"RC-B9-0164/2023 - Proposition de résolution (ensemble du texte)","2023-03-15 12:39:54","RC-9-2023-0164",4
152792,"Un revenu minimum adéquat pour garantir une inclusion active - Adequate minimum income ensuring active inclusion - Angemessenes Mindesteinkommen zur Gewährleistung einer aktiven Inklusion - B9-0099/2023 - Après le § 3 - Am 2","2023-03-15 12:40:28","B-9-2023-0099",4
152793,"B9-0099/2023 - § 5","2023-03-15 12:40:42","B-9-2023-0099",4
152794,"B9-0099/2023 - § 8 - Am 3S","2023-03-15 12:40:55","B-9-2023-0099",4
152795,"B9-0099/2023 - § 8 - Am 1","2023-03-15 12:41:08","B-9-2023-0099",4
152797,"B9-0099/2023 - § 8/1","2023-03-15 12:41:25","B-9-2023-0099",4
152798,"B9-0099/2023 - § 8/2","2023-03-15 12:41:37","B-9-2023-0099",4
152799,"B9-0099/2023 - § 13","2023-03-15 12:41:52","B-9-2023-0099",4
152800,"B9-0099/2023 - § 17 - Am 4","2023-03-15 12:42:04","B-9-2023-0099",4
152801,"B9-0099/2023 - § 18","2023-03-15 12:42:21","B-9-2023-0099",4
152803,"B9-0099/2023 - § 19/1","2023-03-15 12:42:34","B-9-2023-0099",4
152804,"B9-0099/2023 - § 19/2","2023-03-15 12:42:45","B-9-2023-0099",4
152805,"B9-0099/2023 - § 20 - Am 5","2023-03-15 12:42:59","B-9-2023-0099",4
152807,"B9-0099/2023 - Considérant A/1","2023-03-15 12:43:15","B-9-2023-0099",4
152808,"B9-0099/2023 - Considérant A/2","2023-03-15 12:43:26","B-9-2023-0099",4
152810,"B9-0099/2023 - Considérant H/1","2023-03-15 12:43:40","B-9-2023-0099",4
152811,"B9-0099/2023 - Considérant H/2","2023-03-15 12:43:50","B-9-2023-0099",4
152812,"B9-0099/2023 - Considérant H/3","2023-03-15 12:44:01","B-9-2023-0099",4
153765,"Le fonctionnement du SEAE et une Union européenne plus forte dans le monde - The functioning of the EEAS and a stronger EU in the world - Die Funktionsweise des EAD und eine stärkere EU in der Welt - A9-0045/2023 - Urmas Paet - § 1, point i","2023-03-15 12:45:54","A-9-2023-0045",4
153766,"A9-0045/2023 - Urmas Paet - § 1, point l","2023-03-15 12:46:09","A-9-2023-0045",4
153769,"A9-0045/2023 - Urmas Paet - § 1, point af/2","2023-03-15 12:46:29","A-9-2023-0045",4
153753,"A9-0045/2023 - Urmas Paet - Projet de recommandation","2023-03-15 12:46:52","A-9-2023-0045",4
153641,"Semestre européen pour la coordination des politiques économiques 2023 - European Semester for economic policy coordination 2023 - Europäisches Semester für die wirtschaftspolitische Koordinierung 2023 - A9-0044/2023 - Irene Tinagli - Après le § 13 - Am 1","2023-03-15 12:47:17","A-9-2023-0044",4
153642,"A9-0044/2023 - Irene Tinagli - § 17 - Am 2","2023-03-15 12:47:29","A-9-2023-0044",4
153643,"A9-0044/2023 - Irene Tinagli - Après le § 17 - Am 3","2023-03-15 12:47:41","A-9-2023-0044",4
153644,"A9-0044/2023 - Irene Tinagli - Après le § 18 - Am 4","2023-03-15 12:47:52","A-9-2023-0044",4
153645,"A9-0044/2023 - Irene Tinagli - § 27 - Am 5","2023-03-15 12:48:11","A-9-2023-0044",4
153354,"A9-0044/2023 - Irene Tinagli - Proposition de résolution (ensemble du texte)","2023-03-15 12:48:24","A-9-2023-0044",4
153664,"Semestre européen pour la coordination des politiques économiques: priorités sociales et en matière d’emploi pour 2023 - European Semester for economic policy coordination: Employment and social priorities for 2023 - Europäisches Semester für die wirtschaftspolitische Koordinierung: beschäftigungs- und sozialpolitische Prioritäten für 2023 - A9-0051/2023 - Estrella Durá Ferrandis - § 1 - Am 1","2023-03-15 12:48:53","A-9-2023-0051",4
153666,"A9-0051/2023 - Estrella Durá Ferrandis - § 1/1","2023-03-15 12:49:09","A-9-2023-0051",4
153667,"A9-0051/2023 - Estrella Durá Ferrandis - § 1/2","2023-03-15 12:49:19","A-9-2023-0051",4
153670,"A9-0051/2023 - Estrella Durá Ferrandis - § 2/2","2023-03-15 12:50:09","A-9-2023-0051",4
153681,"A9-0051/2023 - Estrella Durá Ferrandis - § 8/1","2023-03-15 12:52:38","A-9-2023-0051",4
153682,"A9-0051/2023 - Estrella Durá Ferrandis - § 8/2","2023-03-15 12:52:48","A-9-2023-0051",4
153685,"A9-0051/2023 - Estrella Durá Ferrandis - § 9/2","2023-03-15 12:53:09","A-9-2023-0051",4
153686,"A9-0051/2023 - Estrella Durá Ferrandis - § 9/3","2023-03-15 12:53:19","A-9-2023-0051",4
153688,"A9-0051/2023 - Estrella Durá Ferrandis - § 12 - Am 2","2023-03-15 12:53:55","A-9-2023-0051",4
153699,"A9-0051/2023 - Estrella Durá Ferrandis - § 15 - Am 3","2023-03-15 12:55:03","A-9-2023-0051",4
153701,"A9-0051/2023 - Estrella Durá Ferrandis - § 16/1","2023-03-15 12:55:18","A-9-2023-0051",4
153702,"A9-0051/2023 - Estrella Durá Ferrandis - § 16/2","2023-03-15 12:55:28","A-9-2023-0051",4
153703,"A9-0051/2023 - Estrella Durá Ferrandis - § 16/3","2023-03-15 12:55:38","A-9-2023-0051",4
153704,"A9-0051/2023 - Estrella Durá Ferrandis - § 16/4","2023-03-15 12:55:48","A-9-2023-0051",4
153713,"A9-0051/2023 - Estrella Durá Ferrandis - § 22/1","2023-03-15 12:57:25","A-9-2023-0051",4
153714,"A9-0051/2023 - Estrella Durá Ferrandis - § 22/2","2023-03-15 12:57:35","A-9-2023-0051",4
153715,"A9-0051/2023 - Estrella Durá Ferrandis - § 22/3","2023-03-15 12:57:45","A-9-2023-0051",4
153716,"A9-0051/2023 - Estrella Durá Ferrandis - § 22/4","2023-03-15 12:57:54","A-9-2023-0051",4
153754,"A9-0051/2023 - Estrella Durá Ferrandis - § 22/5","2023-03-15 12:58:04","A-9-2023-0051",4
153755,"A9-0051/2023 - Estrella Durá Ferrandis - § 22/6","2023-03-15 12:58:13","A-9-2023-0051",4
153726,"A9-0051/2023 - Estrella Durá Ferrandis - § 26","2023-03-15 13:03:38","A-9-2023-0051",4
153731,"A9-0051/2023 - Estrella Durá Ferrandis - § 26 - Am 4","2023-03-15 13:05:00","A-9-2023-0051",4
153734,"A9-0051/2023 - Estrella Durá Ferrandis - § 33/2","2023-03-15 13:05:21","A-9-2023-0051",4
153347,"A9-0051/2023 - Estrella Durá Ferrandis - Proposition de résolution (ensemble du texte)","2023-03-15 13:06:45","A-9-2023-0051",4
153652,"Rapport d'exécution sur l'accord de retrait du Royaume-Uni de l'Union européenne - Implementation report on the Agreement on the withdrawal of the UK from the EU - Umsetzungsbericht über das Abkommen über den Austritt des Vereinigten Königreichs aus der EU - A9-0052/2023 - Pedro Silva Pereira - § 2/2","2023-03-15 13:07:22","A-9-2023-0052",4
153623,"A9-0052/2023 - Pedro Silva Pereira - Proposition de résolution (ensemble du texte)","2023-03-15 13:08:41","A-9-2023-0052",4
153387,"Relations UE-Arménie - EU-Armenia relations - Beziehungen zwischen der EU und Armenien - A9-0036/2023 - Andrey Kovatchev - Proposition de résolution (ensemble du texte)","2023-03-15 13:10:25","A-9-2023-0036",4
153649,"Relations UE-Azerbaïdjan - EU-Azerbaijan relations - Beziehungen zwischen der EU und Aserbaidschan - A9-0037/2023 - Željana Zovko - § 2 - Am 7","2023-03-15 13:11:09","A-9-2023-0037",4
153385,"A9-0037/2023 - Željana Zovko - Proposition de résolution (ensemble du texte)","2023-03-15 13:13:42","A-9-2023-0037",4
152425,"Ordre du jour de mercredi - Demande du groupe PPE (Préparation de la réunion extraordinaire du Conseil européen du mois de février, en particulier la nécessité de mettre en place des solutions durables dans le domaine de l'asile et de la migration) - Wednesday’s Agenda  - Request from the PPE Group (Preparation of the Special European Council meeting of February, in particular the need to develop sustainable solutions in the area of asylum and migration) - Tagesordnung für Mittwoch - Antrag der PPE-Fraktion (Vorbereitung der außerordentlichen Tagung des Europäischen Rates im Februar, insbesondere das Erfordernis, dauerhafte Lösungen im Bereich Asyl und Migration zu entwickeln)","2023-02-01 15:07:53",NULL,5
152426,"Ordre du jour de mercredi - Demande du groupe PPE (Transparence) - Wednesday’s Agenda - Request from the PPE Group (Transparency) - Tagesordnung für Mittwoch - Antrag der PPE-Fraktion (Transparenz)","2023-02-01 15:10:50",NULL,5
152427,"Ordre du jour de mercredi - Demande du groupe ECR (Sécurité publique) - Wednesday’s Agenda - Request from the ECR group (Public security) - Tagesordnung für Mittwoch - Antrag der ECR-Fraktion (Öffentliche Sicherheit)","2023-02-01 15:12:48",NULL,5
152428,"Ordre du jour de mercredi - Demande du groupe ECR (Extrémisme violent de gauche) - Wednesday’s Agenda - Request from the ECR group (Violent left-wing extremism) - Tagesordnung für Mittwoch - Antrag der ECR-Fraktion (Gewalttätiger Linksextremismus)","2023-02-01 15:17:38",NULL,5
152429,"Ordre du jour de mercredi - Demande du groupe S&D - Wednesday’s Agenda - Request from the S&D Group - Tagesordnung für Mittwoch - Antrag der S&D-Fraktion","2023-02-01 15:18:03",NULL,5
152430,"Ordre du jour de mercredi - Demande du groupe Verts/ALE - Wednesday’s Agenda - Request from the Verts/ALE group - Tagesordnung für Mittwoch - Antrag der Verts/ALE -Fraktion","2023-02-01 15:18:25",NULL,5
152431,"Ordre du jour de jeudi - Demande du groupe ECR - Thursday’s Agenda - Request from the ECR group - Tagesordnung für Donnerstag - Antrag der ECR-Fraktion","2023-02-01 15:20:55",NULL,5
152665,"Ordre du jour de lundi - Demande du groupe The Left - Monday’s Agenda - Request from The Left Group - Tagesordnung für Montag - Antrag der Fraktion The Left","2023-02-13 17:14:05",NULL,6
152666,"Ordre du jour de mardi - Demande des groupes Verts/ALE, Renew et S&D - Tuesday’s Agenda - Request from the Verts/ALE, Renew and S&D groups - Tagesordnung für Dienstag - Antrag der Fraktionen Verts/ALE, Renew and S&D","2023-02-13 17:16:09",NULL,6
152667,"Ordre du jour de mercredi - Demande du groupe S&D - Wednesday’s Agenda - Request from the S&D Group - Tagesordnung für Mittwoch - Antrag der S&D-Fraktion","2023-02-13 17:23:05",NULL,6
152668,"Ordre du jour de mercredi - Demande du groupe ID - Wednesday’s Agenda - Request from the ID Group - Tagesordnung für Mittwoch - Antrag der ID-Fraktion","2023-02-13 17:23:34",NULL,6
152669,"Ordre du jour de mercredi - Demande du groupe PPE - Wednesday’s Agenda - Request from the PPE Group - Tagesordnung für Mittwoch - Antrag der PPE-Fraktion","2023-02-13 17:23:55",NULL,6
152671,"Ordre du jour de mercredi - Demande du groupe ECR - Wednesday’s Agenda - Request from the ECR group - Tagesordnung für Mittwoch - Antrag der ECR-Fraktion","2023-02-13 17:27:38",NULL,6
151821,"Accord UE/Nouvelle-Zélande: échange de données à caractère personnel entre Europol et Nouvelle-Zélande - A9-0003/2023 - Annalisa Tardino - Projet de décision du Conseil","2023-01-17 12:10:09","A-9-2023-0003",7
151822,"Convention sur la cybercriminalité relatif au renforcement de la coopération et de la divulgation de preuves électroniques: deuxième protocole additionnel - A9-0002/2023 - Juan Fernando López Aguilar - Projet de décision du Conseil","2023-01-17 12:10:37","A-9-2023-0002",7
151817,"Transferts de déchets - A9-0290/2022 - Pernille Weiss - Article 3, alinéa 1, après le point 27 - Am 153= 156=","2023-01-17 12:12:50","A-9-2022-0290",7
151818,"A9-0290/2022 - Pernille Weiss - Article 28, § 1, après l'alinéa 2 - Am 154= 157=","2023-01-17 12:13:08","A-9-2022-0290",7
151819,"A9-0290/2022 - Pernille Weiss - Article 42, § 1 - Am 155= 158=","2023-01-17 12:13:33","A-9-2022-0290",7
151820,"A9-0290/2022 - Pernille Weiss - Après le considérant 37 - Am 152","2023-01-17 12:13:57","A-9-2022-0290",7
151578,"A9-0290/2022 - Pernille Weiss - Proposition de la Commission","2023-01-17 12:14:13","A-9-2022-0290",7
151562,"Règles visant à empêcher l'utilisation abusive des entités écrans à des fins fiscales - A9-0293/2022 - Lídia Pereira - Proposition de la Commission","2023-01-17 12:15:21","A-9-2022-0293",7
151592,"Modifications du règlement intérieur du Parlement concernant l'article 7 relatif à la défense des privilèges et immunités et l'article 9 relatif aux procédures relatives à l'immunité - A9-0001/2023 - Gabriele Bischoff - Proposition de décision","2023-01-17 12:15:56","A-9-2023-0001",7
153863,"Iran: en particulier l'empoisonnement de centaines d'écolières - Iran: in particular the poisoning of hundreds of school girls - Iran, insbesondere die Vergiftung Hunderter Schülerinnen - RC-B9-0170/2023 - Après le § 1 - Am 1","2023-03-16 12:10:58","RC-9-2023-0170",8
153864,"RC-B9-0170/2023 - § 7","2023-03-16 12:11:13","RC-9-2023-0170",8
153865,"RC-B9-0170/2023 - Après le § 8 - Am 2","2023-03-16 12:11:31","RC-9-2023-0170",8
153867,"RC-B9-0170/2023 - Considérant B - Am 3","2023-03-16 12:12:50","RC-9-2023-0170",8
153868,"RC-B9-0170/2023 - Proposition de résolution (ensemble du texte)","2023-03-16 12:13:03","RC-9-2023-0170",8
153856,"Tunisie: récentes atteintes à la liberté d'expression et d'association et attaques contre les syndicats, en particulier le cas du journaliste Noureddine Boutar - Tunisia: Recent attacks against freedom of expression and association and trade unions, in particular the case of journalist Noureddine Boutar - Die jüngsten Angriffe auf das Recht auf freie Meinungsäußerung, die Vereinigungsfreiheit und Gewerkschaften in Tunesien, insbesondere der Fall des Journalisten Noureddine Boutar - RC-B9-0171/2023/rev - § 1 - Am 1","2023-03-16 12:13:35","RC-9-2023-0171",8
153857,"RC-B9-0171/2023/rev - Après le § 1 - Am 2","2023-03-16 12:13:51","RC-9-2023-0171",8
153862,"RC-B9-0171/2023/rev - Proposition de résolution (ensemble du texte)","2023-03-16 12:14:23","RC-9-2023-0171",8
153855,"Cambodge: le cas du chef de l'opposition Kem Sokha - Cambodia: the case of opposition leader Kem Sokha - Der Fall des Oppositionsführers Kem Sokha in Kambodscha - RC- B9-0169/2023 - Proposition de résolution (ensemble du texte)","2023-03-16 12:14:46","B-9-2023-0169",8
153834,"Modification du règlement (UE) n° 910/2014 en ce qui concerne le développement d'un cadre pour une identité numérique européenne - European Digital Identity framework - Änderung der Verordnung (EU) Nr. 910/2014 im Hinblick auf die Schaffung eines Rahmens für eine europäische digitale Identität - A9-0038/2023 - Romana Jerković - Décision d'engager des négociations interinstitutionnelles","2023-03-16 12:18:49","A-9-2023-0038",8
153775,"Orientations de l'Union européenne concernant les défenseurs des droits de l'homme - The EU Guidelines on Human Rights Defenders - Die Leitlinien der EU zum Schutz von Menschenrechtsverteidigern - A9-0034/2023 - Hannah Neumann - § 20, partie introductive - Am 3","2023-03-16 12:20:18","A-9-2023-0034",8
153777,"A9-0034/2023 - Hannah Neumann - § 26/1","2023-03-16 12:20:43","A-9-2023-0034",8
153779,"A9-0034/2023 - Hannah Neumann - § 26/3","2023-03-16 12:20:58","A-9-2023-0034",8
153780,"A9-0034/2023 - Hannah Neumann - § 28 - Am 5S","2023-03-16 12:21:09","A-9-2023-0034",8
153796,"A9-0034/2023 - Hannah Neumann - Considérant N - Am 2","2023-03-16 12:25:26","A-9-2023-0034",8
153336,"A9-0034/2023 - Hannah Neumann - Proposition de résolution (ensemble du texte)","2023-03-16 12:26:03","A-9-2023-0034",8
151841,"Ordre du jour de mardi - Compromis à la demande du groupe Renew ","2023-01-16 17:26:49",NULL,9
151842,"Ordre du jour de mardi - Demande du groupe Renew","2023-01-16 17:28:56",NULL,9
151843,"Ordre du jour de mercredi - Demande du groupe Verts/ALE","2023-01-16 17:32:09",NULL,9
153055,"Violence à l'encontre des militants de l’opposition en Guinée équatoriale, notamment le cas de Julio Obama Mefuman - Violence against opposition activists in Equatorial Guinea, notably the case of Julio Obama Mefuman - Gewalt gegen Aktivisten der Opposition in Äquatorialguinea, insbesondere der Fall Julio Obama Mefuman - RC-B9-0122/2023 - Proposition de résolution (ensemble du texte)","2023-02-16 12:05:24","RC-9-2023-0122",10
153271,"La récente détérioration des conditions de détention inhumaines d’Alexeï Navalny et d’autres prisonniers politiques en Russie - The recent deterioration of the inhuman imprisonment conditions of Alexey Navalny and other political prisoners in Russia - Die jüngste Verschlechterung der unmenschlichen Haftbedingungen von Alexei Nawalny und anderer politischer Gefangener in Russland - RC-B9-0133/2023 - § 5 - Am 3","2023-02-16 12:05:49","RC-9-2023-0133",10
153273,"RC-B9-0133/2023 - Après le § 6 - Am 5","2023-02-16 12:06:11","RC-9-2023-0133",10
153058,"RC-B9-0133/2023 - Considérant E - Am 2","2023-02-16 12:06:34","RC-9-2023-0133",10
153059,"RC-B9-0133/2023 - Proposition de résolution (ensemble du texte)","2023-02-16 12:06:52","RC-9-2023-0133",10
152881,"Dispositions transitoires relatives à certains dispositifs médicaux et dispositifs médicaux de diagnostic in vitro - Transitional provisions for certain medical devices and in vitro diagnostic medical devices - Übergangsbestimmungen für bestimmte Medizinprodukte und In-vitro-Diagnostika - C9-0003/2023 - Proposition de la Commission","2023-02-16 12:08:06",NULL,10
153148,"Une stratégie industrielle de l'UE pour stimuler la compétitivité industrielle, les échanges commerciaux et la création d'emplois de qualité - An EU strategy to boost industrial competitiveness, trade and quality jobs - Eine EU-Strategie zur Förderung von industrieller Wettbewerbsfähigkeit, Handel und hochwertigen Arbeitsplätzen - B9-0104/2023","2023-02-16 12:09:19","B-9-2023-0104",10
153116,"RC-B9-0147/2023 - § 11 - Am 20","2023-02-16 12:33:42","RC-9-2023-0147",10
153117,"RC-B9-0147/2023 - § 12 - Am 21","2023-02-16 12:33:55","RC-9-2023-0147",10
153121,"RC-B9-0147/2023 - Après le § 12 - Am 13","2023-02-16 12:34:13","RC-9-2023-0147",10
153149,"Une stratégie industrielle de l'UE pour stimuler la compétitivité industrielle, les échanges commerciaux et la création d'emplois de qualité - An EU strategy to boost industrial competitiveness, trade and quality jobs - Eine EU-Strategie zur Förderung von industrieller Wettbewerbsfähigkeit, Handel und hochwertigen Arbeitsplätzen - RC-B9-0107/2023 - Before § 1 - Am 50","2023-02-16 12:09:44","RC-9-2023-0107",10
153150,"RC-B9-0107/2023 - Avant le § 1 - Am 57","2023-02-16 12:09:58","RC-9-2023-0107",10
153151,"RC-B9-0107/2023 - § 1 - Am 34","2023-02-16 12:10:15","RC-9-2023-0107",10
153152,"RC-B9-0107/2023 - § 1 - Am 51","2023-02-16 12:10:29","RC-9-2023-0107",10
153153,"RC-B9-0107/2023 - Après le § 1 - Am 10","2023-02-16 12:10:42","RC-9-2023-0107",10
153154,"RC-B9-0107/2023 - Après le § 3 - Am 39","2023-02-16 12:12:05","RC-9-2023-0107",10
153155,"RC-B9-0107/2023 - Après le § 3 - Am 40","2023-02-16 12:12:17","RC-9-2023-0107",10
153156,"RC-B9-0107/2023 - § 7 - Am 52","2023-02-16 12:12:29","RC-9-2023-0107",10
153157,"RC-B9-0107/2023 - § 8 - Am 53","2023-02-16 12:12:40","RC-9-2023-0107",10
153168,"RC-B9-0107/2023 - Après le § 10 - Am 42/1","2023-02-16 12:14:59","RC-9-2023-0107",10
153169,"RC-B9-0107/2023 - Après le § 10 - Am 42/2","2023-02-16 12:15:09","RC-9-2023-0107",10
153170,"RC-B9-0107/2023 - Après le § 10 - Am 42/3","2023-02-16 12:15:21","RC-9-2023-0107",10
153174,"RC-B9-0107/2023 - § 12 - Am 19","2023-02-16 12:16:11","RC-9-2023-0107",10
153175,"RC-B9-0107/2023 - § 12 - Am 44","2023-02-16 12:16:24","RC-9-2023-0107",10
153176,"RC-B9-0107/2023 - § 12 - Am 54","2023-02-16 12:16:36","RC-9-2023-0107",10
153177,"RC-B9-0107/2023 - Après le § 12 - Am 11","2023-02-16 12:16:48","RC-9-2023-0107",10
153178,"RC-B9-0107/2023 - § 15 - Am 21","2023-02-16 12:17:05","RC-9-2023-0107",10
153180,"RC-B9-0107/2023 - § 15/1","2023-02-16 12:17:27","RC-9-2023-0107",10
153181,"RC-B9-0107/2023 - § 15/2","2023-02-16 12:17:39","RC-9-2023-0107",10
153182,"RC-B9-0107/2023 - Après le § 15 - Am 46","2023-02-16 12:17:52","RC-9-2023-0107",10
153184,"RC-B9-0107/2023 - § 16/1","2023-02-16 12:18:06","RC-9-2023-0107",10
153185,"RC-B9-0107/2023 - § 16/2","2023-02-16 12:18:18","RC-9-2023-0107",10
153186,"RC-B9-0107/2023 - § 16/3","2023-02-16 12:18:30","RC-9-2023-0107",10
153188,"RC-B9-0107/2023 - § 17/1","2023-02-16 12:18:48","RC-9-2023-0107",10
153189,"RC-B9-0107/2023 - § 17/2","2023-02-16 12:18:58","RC-9-2023-0107",10
153190,"RC-B9-0107/2023 - § 19","2023-02-16 12:19:11","RC-9-2023-0107",10
153193,"RC-B9-0107/2023 - § 20/2","2023-02-16 12:19:34","RC-9-2023-0107",10
153195,"RC-B9-0107/2023 - § 21/1","2023-02-16 12:19:47","RC-9-2023-0107",10
153196,"RC-B9-0107/2023 - § 21/2","2023-02-16 12:19:59","RC-9-2023-0107",10
153197,"RC-B9-0107/2023 - § 21/3","2023-02-16 12:20:10","RC-9-2023-0107",10
153199,"RC-B9-0107/2023 - § 22/1","2023-02-16 12:20:29","RC-9-2023-0107",10
153200,"RC-B9-0107/2023 - § 22/2","2023-02-16 12:20:40","RC-9-2023-0107",10
153201,"RC-B9-0107/2023 - § 22/3","2023-02-16 12:20:52","RC-9-2023-0107",10
153202,"RC-B9-0107/2023 - Après le § 22 - Am 63","2023-02-16 12:21:04","RC-9-2023-0107",10
153204,"RC-B9-0107/2023 - § 24/1","2023-02-16 12:21:18","RC-9-2023-0107",10
153205,"RC-B9-0107/2023 - § 24/2","2023-02-16 12:21:29","RC-9-2023-0107",10
153206,"RC-B9-0107/2023 - § 24/3","2023-02-16 12:21:39","RC-9-2023-0107",10
153207,"RC-B9-0107/2023 - § 26 - Am 6","2023-02-16 12:21:52","RC-9-2023-0107",10
153208,"RC-B9-0107/2023 - § 28","2023-02-16 12:22:06","RC-9-2023-0107",10
153211,"RC-B9-0107/2023 - § 29/2","2023-02-16 12:22:24","RC-9-2023-0107",10
153212,"RC-B9-0107/2023 - § 29/3","2023-02-16 12:22:36","RC-9-2023-0107",10
153213,"RC-B9-0107/2023 - Après le § 29 - Am 4","2023-02-16 12:22:48","RC-9-2023-0107",10
153214,"RC-B9-0107/2023 - Après le § 29 - Am 7","2023-02-16 12:23:02","RC-9-2023-0107",10
153224,"RC-B9-0107/2023 - § 33 - Am 61","2023-02-16 12:24:30","RC-9-2023-0107",10
153225,"RC-B9-0107/2023 - Après le § 33 - Am 62","2023-02-16 12:24:43","RC-9-2023-0107",10
153226,"RC-B9-0107/2023 - § 34","2023-02-16 12:24:55","RC-9-2023-0107",10
153227,"RC-B9-0107/2023 - Après le § 35 - Am 8","2023-02-16 12:25:10","RC-9-2023-0107",10
153228,"RC-B9-0107/2023 - Après le § 35 - Am 58","2023-02-16 12:25:22","RC-9-2023-0107",10
153229,"RC-B9-0107/2023 - Après le § 35 - Am 59","2023-02-16 12:25:38","RC-9-2023-0107",10
153233,"RC-B9-0107/2023 - Après le § 42 - Am 9","2023-02-16 12:26:01","RC-9-2023-0107",10
153234,"RC-B9-0107/2023 - Après le § 43 - Am 55","2023-02-16 12:26:19","RC-9-2023-0107",10
153235,"RC-B9-0107/2023 - Après le § 43 - Am 56","2023-02-16 12:26:31","RC-9-2023-0107",10
153236,"RC-B9-0107/2023 - § 44 - Am 64","2023-02-16 12:26:44","RC-9-2023-0107",10
153237,"RC-B9-0107/2023 - § 48","2023-02-16 12:27:07","RC-9-2023-0107",10
153238,"RC-B9-0107/2023 - Après le § 48 - Am 60","2023-02-16 12:27:19","RC-9-2023-0107",10
153241,"RC-B9-0107/2023 - § 53/2","2023-02-16 12:27:48","RC-9-2023-0107",10
153245,"RC-B9-0107/2023 - Après le visa 17 - Am 48","2023-02-16 12:28:10","RC-9-2023-0107",10
153246,"RC-B9-0107/2023 - Considérant A - Am 30","2023-02-16 12:28:22","RC-9-2023-0107",10
153253,"RC-B9-0107/2023 - Considérant D/3","2023-02-16 12:28:55","RC-9-2023-0107",10
153254,"RC-B9-0107/2023 - Considérant L","2023-02-16 12:29:13","RC-9-2023-0107",10
153255,"RC-B9-0107/2023 - Considérant N - Am 33=
5=","2023-02-16 12:29:27","RC-9-2023-0107",10
153264,"RC-B9-0107/2023 - Après le considérant O - Am 49","2023-02-16 12:30:25","RC-9-2023-0107",10
153265,"RC-B9-0107/2023 - Proposition de résolution (ensemble du texte)","2023-02-16 12:30:46","RC-9-2023-0107",10
153103,"Suivi des mesures demandées par le Parlement pour renforcer l’intégrité des institutions européennes - Following up on measures requested by Parliament to strengthen the integrity of European institutions - Weiterverfolgung der vom Parlament geforderten Maßnahmen zur Stärkung der Integrität der Organe, Einrichtungen und sonstigen Stellen der Union - RC-B9-0147/2023 - Après le § 4 - Am 24","2023-02-16 12:31:29","RC-9-2023-0147",10
153104,"RC-B9-0147/2023 - Après le § 5 - Am 5","2023-02-16 12:31:40","RC-9-2023-0147",10
153105,"RC-B9-0147/2023 - Après le § 5 - Am 6","2023-02-16 12:31:52","RC-9-2023-0147",10
153106,"RC-B9-0147/2023 - Après le § 5 - Am 7","2023-02-16 12:32:04","RC-9-2023-0147",10
153107,"RC-B9-0147/2023 - Après le § 5 - Am 11","2023-02-16 12:32:15","RC-9-2023-0147",10
153108,"RC-B9-0147/2023 - § 6 - Am 12","2023-02-16 12:32:27","RC-9-2023-0147",10
153109,"RC-B9-0147/2023 - § 9 - Am 2","2023-02-16 12:32:41","RC-9-2023-0147",10
153113,"RC-B9-0147/2023 - § 10 - Am 3","2023-02-16 12:33:03","RC-9-2023-0147",10
153114,"RC-B9-0147/2023 - § 10 - Am 19","2023-02-16 12:33:14","RC-9-2023-0147",10
153115,"RC-B9-0147/2023 - § 10","2023-02-16 12:33:27","RC-9-2023-0147",10
153122,"RC-B9-0147/2023 - Après le § 13 - Am 8","2023-02-16 12:34:28","RC-9-2023-0147",10
153123,"RC-B9-0147/2023 - Après le § 13 - Am 9","2023-02-16 12:34:39","RC-9-2023-0147",10
153124,"RC-B9-0147/2023 - Après le § 13 - Am 14","2023-02-16 12:34:51","RC-9-2023-0147",10
153125,"RC-B9-0147/2023 - Après le § 13 - Am 15","2023-02-16 12:35:02","RC-9-2023-0147",10
153126,"RC-B9-0147/2023 - § 14 - Am 22","2023-02-16 12:35:15","RC-9-2023-0147",10
153130,"RC-B9-0147/2023 - § 15 - Am 23","2023-02-16 12:35:42","RC-9-2023-0147",10
153131,"RC-B9-0147/2023 - § 17 - Am 4","2023-02-16 12:38:41","RC-9-2023-0147",10
153133,"RC-B9-0147/2023 - Après le § 17 - Am 16/1","2023-02-16 12:38:55","RC-9-2023-0147",10
153134,"RC-B9-0147/2023 - Après le § 17 - Am 16/2","2023-02-16 12:39:07","RC-9-2023-0147",10
153135,"RC-B9-0147/2023 - Après le § 17 - Am 17","2023-02-16 12:39:18","RC-9-2023-0147",10
153136,"RC-B9-0147/2023 - Après le § 20 - Am 10","2023-02-16 12:39:31","RC-9-2023-0147",10
153137,"RC-B9-0147/2023 - Après le considérant A - Am 1","2023-02-16 12:39:44","RC-9-2023-0147",10
153138,"RC-B9-0147/2023 - Considérant C - Am 18","2023-02-16 12:39:57","RC-9-2023-0147",10
153139,"RC-B9-0147/2023 - Proposition de résolution (ensemble du texte)","2023-02-16 12:40:10","RC-9-2023-0147",10
153082,"Création d’un organisme européen indépendant chargé des questions d’éthique - Establishment of an independent EU Ethics Body - Einrichtung eines unabhängigen Ethikgremiums der EU - RC-B9-0144/2023 - § 4 - Am 11","2023-02-16 12:40:33","RC-9-2023-0144",10
153083,"RC-B9-0144/2023 - § 5 - Am 12","2023-02-16 12:40:44","RC-9-2023-0144",10
153084,"RC-B9-0144/2023 - § 6 - Am 6","2023-02-16 12:40:55","RC-9-2023-0144",10
153085,"RC-B9-0144/2023 - § 6 - Am 7","2023-02-16 12:41:08","RC-9-2023-0144",10
153089,"RC-B9-0144/2023 - Après le § 6 - Am 3","2023-02-16 12:41:25","RC-9-2023-0144",10
153090,"RC-B9-0144/2023 - § 8 - Am 13","2023-02-16 12:41:42","RC-9-2023-0144",10
153275,"RC-B9-0144/2023 - § 10 - Am 4","2023-02-16 12:41:53","RC-9-2023-0144",10
153092,"RC-B9-0144/2023 - § 10 - Am 8","2023-02-16 12:42:12","RC-9-2023-0144",10
153093,"RC-B9-0144/2023 - Après le § 10 - Am 9","2023-02-16 12:42:25","RC-9-2023-0144",10
153095,"RC-B9-0144/2023 - § 11 - Am 10/1","2023-02-16 12:42:37","RC-9-2023-0144",10
153096,"RC-B9-0144/2023 - § 11 - Am 10/2","2023-02-16 12:42:48","RC-9-2023-0144",10
153097,"RC-B9-0144/2023 - Après le § 12 - Am 2","2023-02-16 12:42:59","RC-9-2023-0144",10
153098,"RC-B9-0144/2023 - Après le considérant C - Am 1","2023-02-16 12:43:10","RC-9-2023-0144",10
153099,"RC-B9-0144/2023 - Proposition de résolution (ensemble du texte)","2023-02-16 12:43:23","RC-9-2023-0144",10
153061,"Un an d'invasion et de guerre d'agression lancées par la Russie contre l'Ukraine - One year of Russia’s invasion and war of aggression against Ukraine - Ein Jahr nach dem Beginn von Russlands Invasion in und Angriffskrieg gegen die Ukraine - RC-B9-0126/2023 - § 2/1","2023-02-16 12:43:46","RC-9-2023-0126",10
153063,"RC-B9-0126/2023 - Après le § 4 - Am 5","2023-02-16 12:44:01","RC-9-2023-0126",10
153064,"RC-B9-0126/2023 - § 6 - Am 6","2023-02-16 12:44:13","RC-9-2023-0126",10
153140,"RC-B9-0126/2023 - § 8 - Am 7","2023-02-16 12:44:29","RC-9-2023-0126",10
153070,"RC-B9-0126/2023 - § 13/1","2023-02-16 12:45:05","RC-9-2023-0126",10
153071,"RC-B9-0126/2023 - § 13/2","2023-02-16 12:45:18","RC-9-2023-0126",10
153141,"RC-B9-0126/2023 - § 17 - Am 8","2023-02-16 12:45:36","RC-9-2023-0126",10
153143,"RC-B9-0126/2023 - § 17/1","2023-02-16 12:45:49","RC-9-2023-0126",10
153076,"RC-B9-0126/2023 - § 18","2023-02-16 12:46:06","RC-9-2023-0126",10
153078,"RC-B9-0126/2023 - Après le § 26 - Am 9","2023-02-16 12:47:40","RC-9-2023-0126",10
153079,"RC-B9-0126/2023 - § 29 - Am 10","2023-02-16 12:47:52","RC-9-2023-0126",10
153080,"RC-B9-0126/2023 - Après le considérant I - Am 4","2023-02-16 12:48:09","RC-9-2023-0126",10
153081,"RC-B9-0126/2023 - Proposition de résolution (ensemble du texte)","2023-02-16 12:48:22","RC-9-2023-0126",10
152768,"Banque centrale européenne - rapport annuel 2022 - European Central Bank - annual report 2022 - Europäische Zentralbank – Jahresbericht 2022 - A9-0022/2023 - Rasmus Andresen - Après le § 1 - Am 2","2023-02-16 12:48:42","A-9-2023-0022",10
152769,"A9-0022/2023 - Rasmus Andresen - § 5 - Am 3","2023-02-16 12:48:53","A-9-2023-0022",10
152770,"A9-0022/2023 - Rasmus Andresen - § 8 - Am 4","2023-02-16 12:49:04","A-9-2023-0022",10
152771,"A9-0022/2023 - Rasmus Andresen - Après le § 9 - Am 10","2023-02-16 12:49:17","A-9-2023-0022",10
152775,"A9-0022/2023 - Rasmus Andresen - Après le § 13 - Am 5","2023-02-16 12:49:40","A-9-2023-0022",10
152776,"A9-0022/2023 - Rasmus Andresen - § 16 - Am 6","2023-02-16 12:49:59","A-9-2023-0022",10
152779,"A9-0022/2023 - Rasmus Andresen - § 16/2","2023-02-16 12:50:28","A-9-2023-0022",10
152780,"A9-0022/2023 - Rasmus Andresen - Après le § 16 - Am 7","2023-02-16 12:50:40","A-9-2023-0022",10
152781,"A9-0022/2023 - Rasmus Andresen - Après le § 16 - Am 8","2023-02-16 12:50:53","A-9-2023-0022",10
152783,"A9-0022/2023 - Rasmus Andresen - Après le § 19 - Am 9","2023-02-16 12:51:04","A-9-2023-0022",10
152523,"A9-0022/2023 - Rasmus Andresen - Proposition de résolution (ensemble du texte)","2023-02-16 12:52:53","A-9-2023-0022",10
152815,"Disponibilité des engrais dans l’Union - Availability of fertilisers in the EU - Verfügbarkeit von Düngemitteln in der EU - B9-0101/2023 - § 2/2","2023-02-16 12:53:45","B-9-2023-0101",10
152818,"B9-0101/2023 - § 2/5","2023-02-16 12:54:07","B-9-2023-0101",10
152823,"B9-0101/2023 - § 10/1","2023-02-16 12:54:45","B-9-2023-0101",10
152824,"B9-0101/2023 - § 10/2","2023-02-16 12:54:57","B-9-2023-0101",10
152829,"B9-0101/2023 - § 19/1","2023-02-16 12:55:23","B-9-2023-0101",10
152830,"B9-0101/2023 - § 19/2","2023-02-16 12:55:35","B-9-2023-0101",10
152831,"B9-0101/2023 - § 19/3","2023-02-16 12:55:46","B-9-2023-0101",10
152847,"B9-0101/2023 - § 34 - Am 15","2023-02-16 12:57:45","B-9-2023-0101",10
152849,"B9-0101/2023 - § 36/1","2023-02-16 12:58:04","B-9-2023-0101",10
152852,"B9-0101/2023 - § 46","2023-02-16 12:59:20","B-9-2023-0101",10
152854,"B9-0101/2023 - § 59/1","2023-02-16 12:59:50","B-9-2023-0101",10
152021,"30e anniversaire du marché unique - B9-0004/2023 - Après le § 3 - Am 2","2023-01-18 12:21:37","B-9-2023-0004",11
152022,"B9-0004/2023 - § 4 - Am 1","2023-01-18 12:21:51","B-9-2023-0004",11
152024,"B9-0004/2023 - § 8/1","2023-01-18 12:22:05","B-9-2023-0004",11
152025,"B9-0004/2023 - § 8/2","2023-01-18 12:22:16","B-9-2023-0004",11
152027,"B9-0004/2023 - § 45/1","2023-01-18 12:22:30","B-9-2023-0004",11
152028,"B9-0004/2023 - § 45/2","2023-01-18 12:22:42","B-9-2023-0004",11
152031,"B9-0004/2023 - § 50/2","2023-01-18 12:23:00","B-9-2023-0004",11
152032,"B9-0004/2023 - Proposition de résolution (ensemble du texte)","2023-01-18 12:23:13","B-9-2023-0004",11
151561,"Protection des consommateurs en matière de jeux vidéo en ligne: approche à l'échelle du marché unique européen - A9-0300/2022 - Adriana Maldonado López - Proposition de résolution","2023-01-18 12:23:35","A-9-2022-0300",11
151848,"Mise en œuvre de la politique étrangère et de sécurité commune – rapport annuel 2022 - A9-0292/2022 - David McAllister - § 2 - Am 72","2023-01-18 12:24:21","A-9-2022-0292",11
151849,"A9-0292/2022 - David McAllister - Après le § 2 - Am 1","2023-01-18 12:24:34","A-9-2022-0292",11
151850,"A9-0292/2022 - David McAllister - § 4 - Am 73","2023-01-18 12:24:47","A-9-2022-0292",11
151854,"A9-0292/2022 - David McAllister - § 7 - Am 75","2023-01-18 12:25:11","A-9-2022-0292",11
151855,"A9-0292/2022 - David McAllister - § 10, tiret 1 - Am 35","2023-01-18 12:25:25","A-9-2022-0292",11
151856,"A9-0292/2022 - David McAllister - § 10, tiret 1 - Am 76","2023-01-18 12:25:40","A-9-2022-0292",11
151857,"A9-0292/2022 - David McAllister - § 14, alinéa 1, point a - Am 82","2023-01-18 12:26:11","A-9-2022-0292",11
151858,"A9-0292/2022 - David McAllister - § 14, alinéa 1, point b - Am 83S","2023-01-18 12:26:23","A-9-2022-0292",11
151859,"A9-0292/2022 - David McAllister - § 14, alinéa 1, point d - Am 85S","2023-01-18 12:26:40","A-9-2022-0292",11
151860,"A9-0292/2022 - David McAllister - § 20 - Am 89","2023-01-18 12:27:47","A-9-2022-0292",11
151861,"A9-0292/2022 - David McAllister - § 23 - Am 90S","2023-01-18 12:27:58","A-9-2022-0292",11
151866,"A9-0292/2022 - David McAllister - § 52 - Am 97","2023-01-18 12:29:22","A-9-2022-0292",11
151867,"A9-0292/2022 - David McAllister - § 69 - Am 101","2023-01-18 12:29:56","A-9-2022-0292",11
151868,"A9-0292/2022 - David McAllister - § 81 - Am 3S","2023-01-18 12:30:20","A-9-2022-0292",11
151885,"A9-0292/2022 - David McAllister - § 115 - Am 55","2023-01-18 12:32:55","A-9-2022-0292",11
151889,"A9-0292/2022 - David McAllister - § 120","2023-01-18 12:33:15","A-9-2022-0292",11
151890,"A9-0292/2022 - David McAllister - § 121 - Am 36","2023-01-18 12:33:27","A-9-2022-0292",11
151891,"A9-0292/2022 - David McAllister - § 130 - Am 106","2023-01-18 12:34:19","A-9-2022-0292",11
151892,"A9-0292/2022 - David McAllister - § 132 - Am 59","2023-01-18 12:34:34","A-9-2022-0292",11
151893,"A9-0292/2022 - David McAllister - § 133 - Am 107","2023-01-18 12:34:49","A-9-2022-0292",11
151896,"A9-0292/2022 - David McAllister - § 146 - Am 109/1","2023-01-18 12:35:46","A-9-2022-0292",11
151897,"A9-0292/2022 - David McAllister - § 146 - Am 109/2","2023-01-18 12:35:57","A-9-2022-0292",11
151898,"A9-0292/2022 - David McAllister - § 151 - Am 10","2023-01-18 12:36:11","A-9-2022-0292",11
151902,"A9-0292/2022 - David McAllister - Considérant A - Am 62","2023-01-18 12:37:12","A-9-2022-0292",11
151903,"A9-0292/2022 - David McAllister - Considérant H - Am 66","2023-01-18 12:37:40","A-9-2022-0292",11
151701,"A9-0292/2022 - David McAllister - Proposition de résolution (ensemble du texte)","2023-01-18 12:38:53","A-9-2022-0292",11
151965,"Mise en œuvre de la politique de sécurité et de défense commune – rapport annuel 2022 - A9-0296/2022 - Tom Vandenkendelaere - § 2 - Am 12","2023-01-18 12:39:20","A-9-2022-0296",11
151966,"A9-0296/2022 - Tom Vandenkendelaere - § 2 - Am 23","2023-01-18 12:39:32","A-9-2022-0296",11
151967,"A9-0296/2022 - Tom Vandenkendelaere - Après le § 3 - Am 2","2023-01-18 12:39:44","A-9-2022-0296",11
151968,"A9-0296/2022 - Tom Vandenkendelaere - Après le § 3 - Am 3","2023-01-18 12:39:55","A-9-2022-0296",11
151969,"A9-0296/2022 - Tom Vandenkendelaere - § 6 - Am 13","2023-01-18 12:40:30","A-9-2022-0296",11
151970,"A9-0296/2022 - Tom Vandenkendelaere - § 6 - Am 25","2023-01-18 12:40:42","A-9-2022-0296",11
151971,"A9-0296/2022 - Tom Vandenkendelaere - § 13 - Am 27","2023-01-18 12:41:14","A-9-2022-0296",11
151975,"A9-0296/2022 - Tom Vandenkendelaere - Après le § 17 - Am 4","2023-01-18 12:41:35","A-9-2022-0296",11
151976,"A9-0296/2022 - Tom Vandenkendelaere - § 23 - Am 30","2023-01-18 12:41:50","A-9-2022-0296",11
151977,"A9-0296/2022 - Tom Vandenkendelaere - § 23","2023-01-18 12:42:04","A-9-2022-0296",11
151979,"A9-0296/2022 - Tom Vandenkendelaere - § 57/1","2023-01-18 12:45:56","A-9-2022-0296",11
151982,"A9-0296/2022 - Tom Vandenkendelaere - § 60 - Am 16","2023-01-18 12:46:26","A-9-2022-0296",11
151983,"A9-0296/2022 - Tom Vandenkendelaere - Considérant A - Am 18","2023-01-18 12:47:21","A-9-2022-0296",11
151984,"A9-0296/2022 - Tom Vandenkendelaere - Après le considérant A - Am 1","2023-01-18 12:47:34","A-9-2022-0296",11
151985,"A9-0296/2022 - Tom Vandenkendelaere - Considérant F - Am 19","2023-01-18 12:47:56","A-9-2022-0296",11
151771,"A9-0296/2022 - Tom Vandenkendelaere - Proposition de résolution (ensemble du texte)","2023-01-18 12:48:31","A-9-2022-0296",11
151909,"Droits de l’homme et démocratie dans le monde et politique de l’Union européenne en la matière – rapport annuel 2022 - A9-0298/2022 - Isabel Wiseler-Lima - § 7/2","2023-01-18 12:48:58","A-9-2022-0298",11
151912,"A9-0298/2022 - Isabel Wiseler-Lima - § 12/2","2023-01-18 12:49:15","A-9-2022-0298",11
151916,"A9-0298/2022 - Isabel Wiseler-Lima - § 45 - Am 3","2023-01-18 12:49:50","A-9-2022-0298",11
151925,"A9-0298/2022 - Isabel Wiseler-Lima - § 56/2","2023-01-18 12:50:49","A-9-2022-0298",11
151928,"A9-0298/2022 - Isabel Wiseler-Lima - § 57/2","2023-01-18 12:51:07","A-9-2022-0298",11
151929,"A9-0298/2022 - Isabel Wiseler-Lima - § 57/3","2023-01-18 12:51:19","A-9-2022-0298",11
151931,"A9-0298/2022 - Isabel Wiseler-Lima - § 58/1","2023-01-18 12:51:32","A-9-2022-0298",11
151932,"A9-0298/2022 - Isabel Wiseler-Lima - § 58/2","2023-01-18 12:51:47","A-9-2022-0298",11
151933,"A9-0298/2022 - Isabel Wiseler-Lima - Après le § 58 - Am 7","2023-01-18 12:51:59","A-9-2022-0298",11
151934,"A9-0298/2022 - Isabel Wiseler-Lima - Après le § 58 - Am 18","2023-01-18 12:52:11","A-9-2022-0298",11
151935,"A9-0298/2022 - Isabel Wiseler-Lima - § 63 - Am 8","2023-01-18 12:52:28","A-9-2022-0298",11
151937,"A9-0298/2022 - Isabel Wiseler-Lima - § 63/1","2023-01-18 12:53:05","A-9-2022-0298",11
151938,"A9-0298/2022 - Isabel Wiseler-Lima - § 63/2","2023-01-18 12:53:17","A-9-2022-0298",11
151944,"A9-0298/2022 - Isabel Wiseler-Lima - § 68/3","2023-01-18 12:54:18","A-9-2022-0298",11
151945,"A9-0298/2022 - Isabel Wiseler-Lima - Après le § 73 - Am 9","2023-01-18 12:54:30","A-9-2022-0298",11
151949,"A9-0298/2022 - Isabel Wiseler-Lima - Après le § 83 - Am 10","2023-01-18 12:54:54","A-9-2022-0298",11
151953,"A9-0298/2022 - Isabel Wiseler-Lima - § 85/3","2023-01-18 12:55:14","A-9-2022-0298",11
151954,"A9-0298/2022 - Isabel Wiseler-Lima - Après le § 86 - Am 22","2023-01-18 12:55:26","A-9-2022-0298",11
151955,"A9-0298/2022 - Isabel Wiseler-Lima - Après le § 86 - Am 24","2023-01-18 12:55:43","A-9-2022-0298",11
151962,"A9-0298/2022 - Isabel Wiseler-Lima - Après le § 92 - Am 11","2023-01-18 12:56:14","A-9-2022-0298",11
151963,"A9-0298/2022 - Isabel Wiseler-Lima - Après le § 94 - Am 12","2023-01-18 12:56:26","A-9-2022-0298",11
151964,"A9-0298/2022 - Isabel Wiseler-Lima - Considérant H - Am 16","2023-01-18 12:56:51","A-9-2022-0298",11
151796,"A9-0298/2022 - Isabel Wiseler-Lima - Proposition de résolution (ensemble du texte)","2023-01-18 12:57:04","A-9-2022-0298",11
152302,"Système européen des comptes nationaux et régionaux dans l'Union européenne (SEC 2010) - European system of national and regional accounts in the European Union (ESA 2010) - Europäisches System Volkswirtschaftlicher Gesamtrechnungen auf nationaler und regionaler Ebene in der Europäischen Union (ESVG 2010) - A9-0202/2022 - Irene Tinagli - Accord provisoire - Am 2","2023-02-02 11:05:49","A-9-2022-0202",12
152282,"Conservation du thon rouge du Sud: mesures de conservation et de gestion - Conservation of the Southern Bluefin Tuna: conservation and management measures - Erhaltung von Südlichem Blauflossenthun: Erhaltungs- und Bewirtschaftungsmaßnahmen - A9-0134/2022 - Grace O'Sullivan - Accord provisoire - Am 17","2023-02-02 11:06:16","A-9-2022-0134",12
152345,"Amélioration des conditions de travail dans le cadre du travail via une plateforme - Improving working conditions in platform work - Verbesserung der Arbeitsbedingungen in der Plattformarbeit - A9-0301/2022 - Elisabetta Gualmini - Décision d'engager des négociations interinstitutionnelles","2023-02-02 11:11:31","A-9-2022-0301",12
152442,"Transparence et ciblage de la publicité à caractère politique - Transparency and targeting of political advertising - Die Transparenz und das Targeting politischer Werbung - A9-0009/2023 - Sandro Gozi - Article 2, alinéa 1, point 2, sous-point b - Am 278","2023-02-02 11:12:29","A-9-2023-0009",12
152443,"A9-0009/2023 - Sandro Gozi - Article 5, après le § 1 - Am 279","2023-02-02 11:13:01","A-9-2023-0009",12
152446,"A9-0009/2023 - Sandro Gozi - Après l'article 5 bis - Am 145/2","2023-02-02 11:13:23","A-9-2023-0009",12
152448,"A9-0009/2023 - Sandro Gozi - Article 9, après le § 3 - Am 281","2023-02-02 11:13:48","A-9-2023-0009",12
152457,"A9-0009/2023 - Sandro Gozi - Article 16, après le § 7 - Am 258","2023-02-02 11:15:30","A-9-2023-0009",12
152460,"A9-0009/2023 - Sandro Gozi - Considérant 4 - Am 3/1","2023-02-02 11:15:58","A-9-2023-0009",12
152461,"A9-0009/2023 - Sandro Gozi - Considérant 4 - Am 3/2","2023-02-02 11:16:08","A-9-2023-0009",12
152463,"A9-0009/2023 - Sandro Gozi - Après le considérant 14 - Am 16/1","2023-02-02 11:16:26","A-9-2023-0009",12
152464,"A9-0009/2023 - Sandro Gozi - Après le considérant 14 - Am 16/2","2023-02-02 11:16:35","A-9-2023-0009",12
152384,"A9-0009/2023 - Sandro Gozi - Proposition de la Commission","2023-02-02 11:16:55","A-9-2023-0009",12
152051,"Révision de la directive sur les comités d’entreprise européens - Revision of the European Works Councils Directive - Überarbeitung der Richtlinie über die Einsetzung eines Europäischen Betriebsrats - A9-0295/2022 - Dennis Radtke - § 4 - Am 2","2023-02-02 11:17:55","A-9-2022-0295",12
152053,"A9-0295/2022 - Dennis Radtke - § 6/1","2023-02-02 11:18:07","A-9-2022-0295",12
152054,"A9-0295/2022 - Dennis Radtke - § 6/2","2023-02-02 11:18:18","A-9-2022-0295",12
152056,"A9-0295/2022 - Dennis Radtke - § 10/1","2023-02-02 11:18:29","A-9-2022-0295",12
152057,"A9-0295/2022 - Dennis Radtke - § 10/2","2023-02-02 11:18:39","A-9-2022-0295",12
152058,"A9-0295/2022 - Dennis Radtke - § 13 - Am 3","2023-02-02 11:18:52","A-9-2022-0295",12
152060,"A9-0295/2022 - Dennis Radtke - § 16/1","2023-02-02 11:19:04","A-9-2022-0295",12
152061,"A9-0295/2022 - Dennis Radtke - § 16/2","2023-02-02 11:19:14","A-9-2022-0295",12
152062,"A9-0295/2022 - Dennis Radtke - § 18","2023-02-02 11:19:28","A-9-2022-0295",12
152063,"A9-0295/2022 - Dennis Radtke - § 19 - Am 4","2023-02-02 11:19:40","A-9-2022-0295",12
152064,"A9-0295/2022 - Dennis Radtke - § 19","2023-02-02 11:19:53","A-9-2022-0295",12
152066,"A9-0295/2022 - Dennis Radtke - § 21/1","2023-02-02 11:20:04","A-9-2022-0295",12
152067,"A9-0295/2022 - Dennis Radtke - § 21/2","2023-02-02 11:20:13","A-9-2022-0295",12
152069,"A9-0295/2022 - Dennis Radtke - Annexe, article 1, § 4/1","2023-02-02 11:20:29","A-9-2022-0295",12
152070,"A9-0295/2022 - Dennis Radtke - Annexe, article 1, § 4/2","2023-02-02 11:20:40","A-9-2022-0295",12
152071,"A9-0295/2022 - Dennis Radtke - Annexe, article 1, § 4 bis - Am 5","2023-02-02 11:20:52","A-9-2022-0295",12
152073,"A9-0295/2022 - Dennis Radtke - Annexe, article 1, § 4 bis/1","2023-02-02 11:21:07","A-9-2022-0295",12
152074,"A9-0295/2022 - Dennis Radtke - Annexe, article 1, § 4 bis/2","2023-02-02 11:21:17","A-9-2022-0295",12
152075,"A9-0295/2022 - Dennis Radtke - Annexe, article 1, § 4 bis/3","2023-02-02 11:21:26","A-9-2022-0295",12
152077,"A9-0295/2022 - Dennis Radtke - Annexe, article 5, § 6/1","2023-02-02 11:21:40","A-9-2022-0295",12
152078,"A9-0295/2022 - Dennis Radtke - Annexe, article 5, § 6/2","2023-02-02 11:21:50","A-9-2022-0295",12
152080,"A9-0295/2022 - Dennis Radtke - Annexe, article 5 bis/1","2023-02-02 11:22:05","A-9-2022-0295",12
152081,"A9-0295/2022 - Dennis Radtke - Annexe, article 5 bis/2","2023-02-02 11:22:15","A-9-2022-0295",12
152083,"A9-0295/2022 - Dennis Radtke - Annexe, article 8, § 1/1","2023-02-02 11:22:29","A-9-2022-0295",12
152084,"A9-0295/2022 - Dennis Radtke - Annexe, article 8, § 1/2","2023-02-02 11:22:40","A-9-2022-0295",12
152085,"A9-0295/2022 - Dennis Radtke - Annexe, article 8, § 2, sous-§ 2 - Am 6","2023-02-02 11:22:52","A-9-2022-0295",12
152087,"A9-0295/2022 - Dennis Radtke - Annexe, article 9/1","2023-02-02 11:23:05","A-9-2022-0295",12
152088,"A9-0295/2022 - Dennis Radtke - Annexe, article 9/2","2023-02-02 11:23:15","A-9-2022-0295",12
152089,"A9-0295/2022 - Dennis Radtke - Annexe, article 9, § 3 - Am 7","2023-02-02 11:23:26","A-9-2022-0295",12
152091,"A9-0295/2022 - Dennis Radtke - Annexe, article 11, § 2/1","2023-02-02 11:23:41","A-9-2022-0295",12
152092,"A9-0295/2022 - Dennis Radtke - Annexe, article 11, § 2/2","2023-02-02 11:23:53","A-9-2022-0295",12
152094,"A9-0295/2022 - Dennis Radtke - Annexe, article 11, § 3/1","2023-02-02 11:24:07","A-9-2022-0295",12
152095,"A9-0295/2022 - Dennis Radtke - Annexe, article 11, § 3/2","2023-02-02 11:24:16","A-9-2022-0295",12
152096,"A9-0295/2022 - Dennis Radtke - Annexe, article 11 bis, § 2 - Am 8S","2023-02-02 11:24:29","A-9-2022-0295",12
152097,"A9-0295/2022 - Dennis Radtke - Annexe, article 11 bis, après le § 2 - Am 9","2023-02-02 11:24:41","A-9-2022-0295",12
152098,"A9-0295/2022 - Dennis Radtke - Annexe, article 11 bis, § 3 - Am 10S","2023-02-02 11:24:52","A-9-2022-0295",12
152099,"A9-0295/2022 - Dennis Radtke - Annexe, article 11 bis, § 4 - Am 11S","2023-02-02 11:25:03","A-9-2022-0295",12
152101,"A9-0295/2022 - Dennis Radtke - Annexe, annexe I, point 6/1","2023-02-02 11:25:19","A-9-2022-0295",12
152102,"A9-0295/2022 - Dennis Radtke - Annexe, annexe I, point 6/2","2023-02-02 11:25:29","A-9-2022-0295",12
152103,"A9-0295/2022 - Dennis Radtke - Annexe, considérant 5","2023-02-02 11:25:42","A-9-2022-0295",12
152104,"A9-0295/2022 - Dennis Radtke - Considérant Y - Am 1","2023-02-02 11:25:55","A-9-2022-0295",12
151591,"A9-0295/2022 - Dennis Radtke - Proposition de résolution (ensemble du texte)","2023-02-02 11:26:11","A-9-2022-0295",12
152405,"Préparation du sommet UE-Ukraine - Preparation of the EU-Ukraine Summit - Vorbereitung des Gipfeltreffens EU-Ukraine - RC-B9-0092/2023 - § 4 - Am 6","2023-02-02 11:26:40","RC-9-2023-0092",12
152406,"RC-B9-0092/2023 - § 8 - Am 1","2023-02-02 11:27:24","RC-9-2023-0092",12
152407,"RC-B9-0092/2023 - § 20 - Am 2","2023-02-02 11:28:04","RC-9-2023-0092",12
152408,"RC-B9-0092/2023 - § 23 - Am 3","2023-02-02 11:28:21","RC-9-2023-0092",12
152409,"RC-B9-0092/2023 - § 26 - Am 11","2023-02-02 11:29:53","RC-9-2023-0092",12
152414,"RC-B9-0092/2023 - § 28 - Am 13","2023-02-02 11:30:40","RC-9-2023-0092",12
152415,"RC-B9-0092/2023 - Considérant I - Am 5","2023-02-02 11:30:58","RC-9-2023-0092",12
152416,"RC-B9-0092/2023 - Proposition de résolution (ensemble du texte)","2023-02-02 11:31:20","RC-9-2023-0092",12
152506,"Amendements au règlement relatif aux fonds européens d'investissement à long terme (ELTIF) - Amendments to the European Long-Term Investment Funds (ELTIFs) Regulation - Änderung der Verordnung über europäische langfristige Investmentfonds (ELTIF) - A9-0196/2022 - Michiel Hoogeveen - Accord provisoire - Am 2","2023-02-15 15:12:49","A-9-2022-0196",13
152567,"Accord UE/Macédoine du Nord: activités opérationnelles menées par l'Agence européenne de garde-frontières et de garde-côtes en République de Macédoine du Nord - EU/North Macedonia Agreement: operational activities carried out by the European Border and Coast Guard Agency in the Republic of North Macedonia - Vereinbarung EU-Nordmazedonien über operative Tätigkeiten, die von der Europäischen Agentur für die Grenz- und Küstenwache in der Republik Nordmazedonien durchgeführt werden - A9-0027/2023 - Lena Düpont - Projet de décision du Conseil","2023-02-15 15:13:20","A-9-2023-0027",13
152568,"Autorisation pour la Pologne à ratifier la modification de la convention sur la conservation et la gestion des ressources en colin dans la partie centrale de la mer de Béring - Authorising Poland to ratify the amendment to the Convention on the Conservation and Management of Pollock Resources in the Central Bering Sea - Ermächtigung Polens, die Änderung des Übereinkommens über die Erhaltung und die Bewirtschaftung der Pollackressourcen im mittleren Beringmeer zu ratifizieren - A9-0007/2023 - Elżbieta Rafalska - Projet de décision du Conseil","2023-02-15 15:14:14","A-9-2023-0007",13
152566,"Protocole à l'accord de coopération concernant un système mondial de navigation par satellite à usage civil CE/Corée: adhésion de la Bulgarie, de la Croatie et de la Roumanie - Protocol to the EC/Korea Cooperation Agreement on a Civil Global Navigation Satellite System (GNSS): accession of Bulgaria, Croatia and Romania - Protokoll zum Kooperationsabkommen EG-Korea über ein ziviles globales Satellitennavigationssystem (GNSS): Beitritt Bulgariens, Kroatiens und Rumäniens - A9-0006/2023 - Cristian-Silviu Buşoi - Projet de décision du Conseil","2023-02-15 15:14:40","A-9-2023-0006",13
152509,"Entreprises communes dans le cadre d’Horizon Europe: entreprise commune «Semi-conducteurs» - Joint Undertakings under Horizon Europe: Chips Joint Undertaking  - Gemeinsame Unternehmen im Rahmen von „Horizont Europa“: Gemeinsames Unternehmen für Chips - A9-0012/2023 - Eva Maydell - Proposition de la Commission","2023-02-15 15:15:00","A-9-2023-0012",13
152545,"Consultation sur les dispositions d’exécution du Médiateur européen - Consultation on European Ombudsman Implementing Provisions - Konsultation zu den Durchführungsbestimmungen zum Statut des Europäischen Bürgerbeauftragten - A9-0010/2023 - Paulo Rangel - Projet de dispositions d'exécution","2023-02-15 15:15:24","A-9-2023-0010",13
152766,"Situation de l'ancien président de la Géorgie, Mikheïl Saakachvili - Situation of the former President of Georgia Mikheil Saakashvili - Situation des ehemaligen georgischen Präsidenten Micheil Saakaschwili - RC-B9-0106/2023 - Après le § 8 - Am 1","2023-02-15 15:15:49","RC-9-2023-0106",13
152767,"RC-B9-0106/2023 - Proposition de résolution (ensemble du texte)","2023-02-15 15:16:09","RC-9-2023-0106",13
152711,"Convention du Conseil de l'Europe sur la prévention et la lutte contre la violence à l'égard des femmes et la violence domestique: adhésion de l'UE - Council of Europe Convention on preventing and combating violence against women and domestic violence: EU accession - Übereinkommen des Europarats zur Verhütung und Bekämpfung von Gewalt gegen Frauen und häuslicher Gewalt: Beitritt der EU - A9-0021/2023 - Łukasz Kohut, Arba Kokalari - Après le § 1 - Am 4","2023-02-15 15:17:09","A-9-2023-0021",13
152714,"A9-0021/2023 - Łukasz Kohut, Arba Kokalari - § 3/1","2023-02-15 15:17:35","A-9-2023-0021",13
152715,"A9-0021/2023 - Łukasz Kohut, Arba Kokalari - § 3/2","2023-02-15 15:17:48","A-9-2023-0021",13
152717,"A9-0021/2023 - Łukasz Kohut, Arba Kokalari - § 4 - Am 1/1","2023-02-15 15:18:06","A-9-2023-0021",13
152718,"A9-0021/2023 - Łukasz Kohut, Arba Kokalari - § 4 - Am 1/2","2023-02-15 15:18:21","A-9-2023-0021",13
152719,"A9-0021/2023 - Łukasz Kohut, Arba Kokalari - § 4 - Am 1/3","2023-02-15 15:18:35","A-9-2023-0021",13
152720,"A9-0021/2023 - Łukasz Kohut, Arba Kokalari - § 4 - Am 1/4","2023-02-15 15:18:49","A-9-2023-0021",13
152728,"A9-0021/2023 - Łukasz Kohut, Arba Kokalari - § 11/1","2023-02-15 15:19:14","A-9-2023-0021",13
152729,"A9-0021/2023 - Łukasz Kohut, Arba Kokalari - § 11/2","2023-02-15 15:19:29","A-9-2023-0021",13
152731,"A9-0021/2023 - Łukasz Kohut, Arba Kokalari - § 13/1","2023-02-15 15:19:49","A-9-2023-0021",13
152732,"A9-0021/2023 - Łukasz Kohut, Arba Kokalari - § 13/2","2023-02-15 15:20:03","A-9-2023-0021",13
152733,"A9-0021/2023 - Łukasz Kohut, Arba Kokalari - § 25 - Am 2","2023-02-15 15:20:19","A-9-2023-0021",13
152734,"A9-0021/2023 - Łukasz Kohut, Arba Kokalari - § 34 - Am 3","2023-02-15 15:20:34","A-9-2023-0021",13
152564,"A9-0021/2023 - Łukasz Kohut, Arba Kokalari - Proposition de résolution (ensemble du texte)","2023-02-15 15:21:21","A-9-2023-0021",13
152762,"Les priorités de l'UE pour la 67e session de la Commission de la condition de la femme des Nations unies - The EU priorities for the 67th session of the UN Commission on the Status of Women - Die Prioritäten der EU für die 67. Tagung der Kommission der Vereinten Nationen für die Rechtsstellung der Frau - B9-0100/2023 - § 1, point i/1","2023-02-15 15:22:15","B-9-2023-0100",13
152763,"B9-0100/2023 - § 1, point i/2","2023-02-15 15:22:29","B-9-2023-0100",13
152764,"B9-0100/2023 - § 1, point i/3","2023-02-15 15:22:42","B-9-2023-0100",13
152765,"B9-0100/2023 - § 1, point i/4","2023-02-15 15:22:55","B-9-2023-0100",13
154122,"A9-0048/2023 - Bas Eickhout - Annex IV, point 23, sous-point a - Am 145PC11","2023-03-30 11:52:01","A-9-2023-0048",12
154139,"Ordre du jour de mercredi - Demande des groupes Verts/ALE et S&D - Wednesday’s Agenda - Request from the Verts/ALE group - Tagesordnung für Mittwoch - Antrag der Verts/ALE – Fraktion ","2023-03-29 16:01:32",NULL,5
154140,"Ordre du jour de mercredi - Demande du groupe The Left - Wednesday’s Agenda - Request from The Left group - Tagesordnung für Mittwoch - Antrag der Fraktion The Left","2023-03-29 16:04:06",NULL,5
154141,"Ordre du jour de jeudi - Demande des groupes The Left, S&D et Verts/ALE - Thursday’s Agenda - Request from The Left Group - Tagesordnung für Donnerstag - Antrag der Fraktion The Left","2023-03-29 16:10:22",NULL,5
154142,"Ordre du jour de jeudi - Demande du groupe Verts/ALE - Thursday’s Agenda - Request from the Verts/ALE group - Tagesordnung für Donnerstag - Antrag der Verts/ALE - Fraktion","2023-03-29 16:14:27",NULL,5
154143,"Ordre du jour de jeudi - Demande du groupe PPE - Ajout d'une déclaration de la Commission (Espagne) - Thursday’s Agenda - Request from the PPE Group - Adding Commission statement (Spain) - Tagesordnung für Donnerstag - Antrag der PPE-Fraktion -Hinzufügung einer Erklärung der Kommission (Spanien)","2023-03-29 16:19:17",NULL,5
154144,"Ordre du jour de jeudi - Demande du groupe PPE - Ajout d'une déclaration de la Commission (Malte) - Thursday’s Agenda - Request from the PPE Group - Adding Commission statement (Malta) - Tagesordnung für Donnerstag - Antrag der PPE-Fraktion -Hinzufügung einer Erklärung der Kommission (Malta)","2023-03-29 16:22:07",NULL,5
153906,"Plateforme de collaboration des équipes communes d'enquête - Joint Investigation Teams collaboration platform - Plattform für die Zusammenarbeit gemeinsamer Ermittlungsgruppen - A9-0245/2022 - Malik Azmani - Accord provisoire - Am 112","2023-03-30 11:41:10","A-9-2022-0245",12
153918,"L’Année européenne des compétences en 2023 - European Year of Skills 2023 - Europäisches Jahr der Kompetenzen 2023 - A9-0028/2023 - Loucas Fourlas - Accord provisoire - Am 72","2023-03-30 11:41:35","A-9-2023-0028",12
153904,"Règlement sur la sécurité générale des produits - General Product Safety Regulation - Verordnung über die allgemeine Produktsicherheit - A9-0191/2022 - Dita Charanzová - Accord provisoire - Am 237","2023-03-30 11:42:00","A-9-2022-0191",12
154145,"Renforcer l’application du principe de l’égalité des rémunérations entre hommes et femmes pour un même travail ou un travail de même valeur - Strengthening the application of the principle of equal pay for equal work or work of equal value between men and women - Stärkung der Anwendung des Grundsatzes des gleichen Entgelts für Männer und Frauen bei gleicher oder gleichwertiger Arbeit - A9-0056/2022 - Kira Marie Peter-Hansen, Samira Rafaela - Proposition de rejet de la proposition de la Commission - Am 174","2023-03-30 11:42:28","A-9-2022-0056",12
154067,"A9-0056/2022 - Kira Marie Peter-Hansen, Samira Rafaela - Demande de vote sur les amendements au projet d'acte législatif ","2023-03-30 11:42:43","A-9-2022-0056",12
154076,"A9-0056/2022 - Kira Marie Peter-Hansen, Samira Rafaela - Accord provisoire - Am 172","2023-03-30 11:42:56","A-9-2022-0056",12
154082,"Règlement sur les gaz fluorés - Fluorinated gases regulation - Verordnung über fluorierte Gase - A9-0048/2023 - Bas Eickhout - Amendements de la commission compétente - vote 
séparé - Am 79","2023-03-30 11:43:59","A-9-2023-0048",12
154083,"A9-0048/2023 - Bas Eickhout - Amendements de la commission compétente - vote 
séparé - Am 88","2023-03-30 11:44:11","A-9-2023-0048",12
154084,"A9-0048/2023 - Bas Eickhout - Amendements de la commission compétente - vote 
séparé - Am 89","2023-03-30 11:44:21","A-9-2023-0048",12
154085,"A9-0048/2023 - Bas Eickhout - Amendements de la commission compétente - vote 
séparé - Am 90","2023-03-30 11:44:31","A-9-2023-0048",12
154086,"A9-0048/2023 - Bas Eickhout - Amendements de la commission compétente - vote 
séparé - Am 91","2023-03-30 11:44:41","A-9-2023-0048",12
154087,"A9-0048/2023 - Bas Eickhout - Amendements de la commission compétente - vote 
séparé - Am 92","2023-03-30 11:44:51","A-9-2023-0048",12
154090,"A9-0048/2023 - Bas Eickhout - Article 11, § 1, alinéa 1 - Am 187","2023-03-30 11:45:22","A-9-2023-0048",12
154091,"A9-0048/2023 - Bas Eickhout - Article 11, § 1, après l'alinéa 1 - Am 160","2023-03-30 11:45:35","A-9-2023-0048",12
154095,"A9-0048/2023 - Bas Eickhout - Article 13, § 3, alinéa 1 - Am 152","2023-03-30 11:45:52","A-9-2023-0048",12
154097,"A9-0048/2023 - Bas Eickhout - Article 13, § 4 - Am 156","2023-03-30 11:46:10","A-9-2023-0048",12
154098,"A9-0048/2023 - Bas Eickhout - Article 16, § 3, après le point d - Am 173","2023-03-30 11:46:25","A-9-2023-0048",12
154099,"A9-0048/2023 - Bas Eickhout - Article 35, § 2 - Am 188","2023-03-30 11:46:42","A-9-2023-0048",12
154100,"A9-0048/2023 - Bas Eickhout - Annex IV, point 11, troisième tiret - Am 174S","2023-03-30 11:46:55","A-9-2023-0048",12
154101,"A9-0048/2023 - Bas Eickhout - Annex IV, point 11, troisième tiret - Am 145PC1","2023-03-30 11:47:09","A-9-2023-0048",12
154102,"A9-0048/2023 - Bas Eickhout - Annex IV, point 14 - Am 145PC2","2023-03-30 11:47:27","A-9-2023-0048",12
154103,"A9-0048/2023 - Bas Eickhout - Annex IV, après le point 14 - Am 145PC3","2023-03-30 11:47:47","A-9-2023-0048",12
154104,"A9-0048/2023 - Bas Eickhout - Annex IV, après le point 15 - Am 145PC4","2023-03-30 11:48:08","A-9-2023-0048",12
154108,"A9-0048/2023 - Bas Eickhout - Annex IV, point 17 - Am 175","2023-03-30 11:48:23","A-9-2023-0048",12
154109,"A9-0048/2023 - Bas Eickhout - Annex IV, point 17 - Am 162","2023-03-30 11:48:38","A-9-2023-0048",12
154110,"A9-0048/2023 - Bas Eickhout - Annex IV, point 17 - Am 145PC5","2023-03-30 11:48:52","A-9-2023-0048",12
154113,"A9-0048/2023 - Bas Eickhout - Annex IV, point 18, sous-point a - Am 176","2023-03-30 11:49:31","A-9-2023-0048",12
154114,"A9-0048/2023 - Bas Eickhout - Annex IV, point 18, sous-point b - Am 164S","2023-03-30 11:49:46","A-9-2023-0048",12
154115,"A9-0048/2023 - Bas Eickhout - Annex IV, point 18, sous-point b - Am 177","2023-03-30 11:49:59","A-9-2023-0048",12
154116,"A9-0048/2023 - Bas Eickhout - Annex IV, point 18, sous-point b - Am 145PC7","2023-03-30 11:50:22","A-9-2023-0048",12
154117,"A9-0048/2023 - Bas Eickhout - Annex IV, point 18, sous-point c - Am 165","2023-03-30 11:50:47","A-9-2023-0048",12
154118,"A9-0048/2023 - Bas Eickhout - Annex IV, point 18, sous-point c - Am 178","2023-03-30 11:50:59","A-9-2023-0048",12
154119,"A9-0048/2023 - Bas Eickhout - Annex IV, point 18, sous-point c - Am 145PC8=
153PC3=","2023-03-30 11:51:13","A-9-2023-0048",12
154120,"A9-0048/2023 - Bas Eickhout - Annex IV, point 18, après le sous-point c - Am 145PC9=
153PC4=","2023-03-30 11:51:33","A-9-2023-0048",12
154121,"A9-0048/2023 - Bas Eickhout - Annex IV, après le point 19 - Am 145PC10","2023-03-30 11:51:48","A-9-2023-0048",12
154124,"A9-0048/2023 - Bas Eickhout - Annex IV, point 23, point b - Am 145PC12","2023-03-30 11:52:21","A-9-2023-0048",12
154126,"A9-0048/2023 - Bas Eickhout - Annex IV, point 23, point c - Am 145PC13","2023-03-30 11:52:41","A-9-2023-0048",12
154128,"A9-0048/2023 - Bas Eickhout - Annex IV, point 23, point d - Am 145PC14","2023-03-30 11:52:59","A-9-2023-0048",12
154130,"A9-0048/2023 - Bas Eickhout - Annex IV, tableau, les autres points - Am 145PC15","2023-03-30 11:53:20","A-9-2023-0048",12
154132,"A9-0048/2023 - Bas Eickhout - Annex IV, après le § 2 - Am 171=
184=","2023-03-30 11:54:03","A-9-2023-0048",12
154134,"A9-0048/2023 - Bas Eickhout - Annex VIII, point 1, § 3 - Am 186","2023-03-30 11:54:38","A-9-2023-0048",12
153971,"A9-0048/2023 - Bas Eickhout - Proposition de la Commission","2023-03-30 11:55:22","A-9-2023-0048",12
153901,"Substances appauvrissant la couche d’ozone - Ozone depleting substances - Stoffe, die zum Abbau der Ozonschicht führen - A9-0050/2023 - Jessica Polfjärd - Proposition de la Commission","2023-03-30 11:56:57","A-9-2023-0050",12
154019,"Rapport 2022 sur l'état de droit - la situation de l'état de droit dans l'Union européenne - 2022 Rule of Law Report - The Rule of Law situation in the European Union - Bericht über die Rechtsstaatlichkeit 2022 – Die Lage der Rechtsstaatlichkeit in der Europäischen Union - B9-0189/2023 - § 1 - Am 27","2023-03-30 11:58:05","B-9-2023-0189",12
154020,"B9-0189/2023 - Après le § 1 - Am 28","2023-03-30 11:58:16","B-9-2023-0189",12
154024,"B9-0189/2023 - § 11 - Am 29","2023-03-30 12:00:22","B-9-2023-0189",12
154025,"B9-0189/2023 - § 12 - Am 30S","2023-03-30 12:00:38","B-9-2023-0189",12
154028,"B9-0189/2023 - § 12/2","2023-03-30 12:00:55","B-9-2023-0189",12
154029,"B9-0189/2023 - § 13 - Am 31S","2023-03-30 12:01:06","B-9-2023-0189",12
154030,"B9-0189/2023 - Après le § 13 - Am 32","2023-03-30 12:01:17","B-9-2023-0189",12
154031,"B9-0189/2023 - § 16 - Am 33","2023-03-30 12:01:34","B-9-2023-0189",12
154032,"B9-0189/2023 - Après le § 17 - Am 6","2023-03-30 12:01:45","B-9-2023-0189",12
154033,"B9-0189/2023 - Après le § 17 - Am 34","2023-03-30 12:01:58","B-9-2023-0189",12
154034,"B9-0189/2023 - Après le § 18 - Am 35","2023-03-30 12:02:11","B-9-2023-0189",12
154035,"B9-0189/2023 - Après le § 19 - Am 36","2023-03-30 12:02:22","B-9-2023-0189",12
154037,"B9-0189/2023 - § 25 - Am 37S","2023-03-30 12:02:40","B-9-2023-0189",12
154045,"B9-0189/2023 - § 27 - Am 38S","2023-03-30 12:03:48","B-9-2023-0189",12
154046,"B9-0189/2023 - Visa 6 - Am 7S","2023-03-30 12:03:58","B-9-2023-0189",12
154047,"B9-0189/2023 - Visa 22 - Am 8S","2023-03-30 12:04:10","B-9-2023-0189",12
154048,"B9-0189/2023 - Visa 24 - Am 9S","2023-03-30 12:04:22","B-9-2023-0189",12
154049,"B9-0189/2023 - Visa 26 - Am 10S","2023-03-30 12:04:34","B-9-2023-0189",12
154050,"B9-0189/2023 - Visa 28 - Am 11S","2023-03-30 12:04:46","B-9-2023-0189",12
154051,"B9-0189/2023 - Après le visa 37 - Am 12","2023-03-30 12:04:57","B-9-2023-0189",12
154052,"B9-0189/2023 - Après le visa 37 - Am 15","2023-03-30 12:05:09","B-9-2023-0189",12
154053,"B9-0189/2023 - Considérant A - Am 18","2023-03-30 12:05:22","B-9-2023-0189",12
154054,"B9-0189/2023 - Après le considérant A - Am 13","2023-03-30 12:05:33","B-9-2023-0189",12
154055,"B9-0189/2023 - Après le considérant A - Am 19","2023-03-30 12:05:44","B-9-2023-0189",12
154056,"B9-0189/2023 - Après le considérant A - Am 14","2023-03-30 12:05:54","B-9-2023-0189",12
154057,"B9-0189/2023 - Après le considérant A - Am 16","2023-03-30 12:06:04","B-9-2023-0189",12
154058,"B9-0189/2023 - Après le considérant A - Am 17","2023-03-30 12:06:15","B-9-2023-0189",12
154059,"B9-0189/2023 - Après le considérant B - Am 20","2023-03-30 12:06:27","B-9-2023-0189",12
154060,"B9-0189/2023 - Après le considérant C - Am 21","2023-03-30 12:06:39","B-9-2023-0189",12
154061,"B9-0189/2023 - Considérant D - Am 22S","2023-03-30 12:06:49","B-9-2023-0189",12
154062,"B9-0189/2023 - Après le considérant E - Am 23","2023-03-30 12:07:00","B-9-2023-0189",12
154063,"B9-0189/2023 - Après le considérant E - Am 24","2023-03-30 12:07:10","B-9-2023-0189",12
154064,"B9-0189/2023 - Après le considérant E - Am 25","2023-03-30 12:07:21","B-9-2023-0189",12
154065,"B9-0189/2023 - Après le considérant F - Am 26","2023-03-30 12:07:33","B-9-2023-0189",12
